method,avg_final_acc_mean,avg_final_acc_std,forgetting_mean,forgetting_std
naive,0.19791561606992772,0.0002647170238363385,0.7978823781268901,0.0004179692494008245
joint,0.9760010610992369,0.0009639199670523625,0.0,0.0
ewc,0.19913709235697744,0.0014196224062921962,0.7965208743991123,0.0010917563208591061
er,0.7340077806030593,0.002923477227214007,0.26209157205699585,0.0029490383439988283
neuromod,0.19754580601781813,0.0006605104287910133,0.7978171369621831,0.0006022397668850293
neuromod+er,0.7247915570520714,0.024804472503998153,0.2706694589938106,0.025454338486550647
