method,test_acc_mean,test_acc_std
vanilla MLP,0.9795666666666666,0.0008013876853447703
neuromod MLP,0.9805666666666667,0.000612825877028326
