method,test_acc_mean,test_acc_std
vanilla MLP,0.9789,0.0011575836902790486
neuromod MLP,0.9749666666666666,0.003579882058889029
