regime	schedule	metric	arm	driver	gran	nlr	seed	split	acc	forget	probe	g_h0	g_h1	g_out	acc_live	backbone_params	extra_params	param_ratio	buffer_bytes	fwd_train	bwd_train	fwd_infer	bwd_infer
normal	step	classil	erown	er	-	0	42	test	0.903365	0.0809186	nan	0	0	0	0.903365	478410	0	0	3144000	1	1	1	0
normal	step	taskil	erown	er	-	0	42	test	0.994133	0.00306472	nan	0	0	0	0.994133	478410	0	0	3144000	1	1	1	0
normal	step	classil	erown	taskid	global	1e-07	42	val	0.894468	0.0903983	0.211035	5.99623e-05	5.99623e-05	5.99623e-05	0.894468	478410	5	0	3144000	3	2	1	0
normal	step	classil	erown	taskid	global	1e-06	42	val	0.881317	0.107216	0.211035	0.000270486	0.000270486	0.000270486	0.881317	478410	5	0	3144000	3	2	1	0
normal	step	classil	erown	taskid	global	1e-05	42	val	0.846599	0.142616	0.211035	0.00142229	0.00142229	0.00142229	0.846599	478410	5	0	3144000	3	2	1	0
normal	step	classil	erown	taskid	global	0.0001	42	val	0.895283	0.0887163	0.211035	4.81009e-05	4.81009e-05	4.81009e-05	0.895283	478410	5	0	3144000	3	2	1	0
normal	step	classil	erown	taskid	global	0.001	42	val	0.108703	0.696444	0.211035	0.046986	0.046986	0.046986	0.108703	478410	5	0	3144000	3	2	1	0
normal	step	classil	bufcur	taskid	global	1e-07	42	val	0.52067	0.0338109	0.211035	0.000144124	0.000144124	0.000144124	0.52067	478410	5	0	3144000	3	2	1	0
normal	step	classil	bufcur	taskid	global	1e-06	42	val	0.358146	0.0045287	0.211035	0.00014025	0.00014025	0.00014025	0.358146	478410	5	0	3144000	3	2	1	0
normal	step	classil	bufcur	taskid	global	1e-05	42	val	0.471995	0.0342958	0.211035	0.0013063	0.0013063	0.0013063	0.471995	478410	5	0	3144000	3	2	1	0
normal	step	classil	bufcur	taskid	global	0.0001	42	val	0.092733	0.0630242	0.211035	nan	nan	nan	0.092733	478410	5	0	3144000	3	2	1	0
normal	step	classil	bufcur	taskid	global	0.001	42	val	0.108703	0.413659	0.211035	0.130973	0.130973	0.130973	0.108703	478410	5	0	3144000	3	2	1	0
normal	step	taskil	erown	taskid	global	1e-07	42	val	0.991899	0.00301968	0.211035	5.78165e-05	5.78165e-05	5.78165e-05	0.991899	478410	5	0	3144000	3	2	1	0
normal	step	taskil	erown	taskid	global	1e-06	42	val	0.993949	0.00217223	0.211035	7.96318e-05	7.96318e-05	7.96318e-05	0.993949	478410	5	0	3144000	3	2	1	0
normal	step	taskil	erown	taskid	global	1e-05	42	val	0.993091	0.00184882	0.211035	0.000324726	0.000324726	0.000324726	0.993091	478410	5	0	3144000	3	2	1	0
normal	step	taskil	erown	taskid	global	0.0001	42	val	0.982104	0.0109898	0.211035	0.00158405	0.00158405	0.00158405	0.982104	478410	5	0	3144000	3	2	1	0
normal	step	taskil	erown	taskid	global	0.001	42	val	0.092733	0	0.211035	nan	nan	nan	0.092733	478410	5	0	3144000	3	2	1	0
normal	step	taskil	bufcur	taskid	global	1e-07	42	val	0.977575	0.00573494	0.211035	7.84397e-05	7.84397e-05	7.84397e-05	0.977575	478410	5	0	3144000	3	2	1	0
normal	step	taskil	bufcur	taskid	global	1e-06	42	val	0.980196	0.00593627	0.211035	0.000228107	0.000228107	0.000228107	0.980196	478410	5	0	3144000	3	2	1	0
normal	step	taskil	bufcur	taskid	global	1e-05	42	val	0.985103	0.00374169	0.211035	0.00118339	0.00118339	0.00118339	0.985103	478410	5	0	3144000	3	2	1	0
normal	step	taskil	bufcur	taskid	global	0.0001	42	val	0.959113	0.0228112	0.211035	0.0134243	0.0134243	0.0134243	0.959113	478410	5	0	3144000	3	2	1	0
normal	step	taskil	bufcur	taskid	global	0.001	42	val	0.522361	0	0.211035	0.124094	0.124094	0.124094	0.522361	478410	5	0	3144000	3	2	1	0
normal	step	classil	erown	taskid	neuron	1e-07	42	val	0.895025	0.0896723	0.211035	3.49128e-05	3.62554e-05	3.49283e-05	0.895025	478410	4050	0.0085	3144000	3	2	1	0
normal	step	classil	erown	taskid	neuron	1e-06	42	val	0.887638	0.100895	0.211035	0.000168048	0.000175148	0.000212049	0.887638	478410	4050	0.0085	3144000	3	2	1	0
normal	step	classil	erown	taskid	neuron	1e-05	42	val	0.839167	0.146542	0.211035	0.000244308	0.000326516	0.000286216	0.839167	478410	4050	0.0085	3144000	3	2	1	0
normal	step	classil	erown	taskid	neuron	0.0001	42	val	0.092733	0	0.211035	nan	nan	nan	0.092733	478410	4050	0.0085	3144000	3	2	1	0
normal	step	classil	erown	taskid	neuron	0.001	42	val	0.092733	0	0.211035	nan	nan	nan	0.092733	478410	4050	0.0085	3144000	3	2	1	0
normal	step	classil	bufcur	taskid	neuron	1e-07	42	val	0.554918	0.0516778	0.211035	6.83092e-05	6.60962e-05	0.000113583	0.554918	478410	4050	0.0085	3144000	3	2	1	0
normal	step	classil	bufcur	taskid	neuron	1e-06	42	val	0.478106	0.101399	0.211035	0.000310143	0.000312342	0.000497001	0.478106	478410	4050	0.0085	3144000	3	2	1	0
normal	step	classil	bufcur	taskid	neuron	1e-05	42	val	0.274287	0.0572318	0.211035	0.001017	0.00107869	0.000684834	0.274287	478410	4050	0.0085	3144000	3	2	1	0
normal	step	classil	bufcur	taskid	neuron	0.0001	42	val	0.092733	0	0.211035	nan	nan	nan	0.092733	478410	4050	0.0085	3144000	3	2	1	0
normal	step	classil	bufcur	taskid	neuron	0.001	42	val	0.092733	0	0.211035	nan	nan	nan	0.092733	478410	4050	0.0085	3144000	3	2	1	0
normal	step	taskil	erown	taskid	neuron	1e-07	42	val	0.991556	0.00370171	0.211035	2.04757e-05	1.98631e-05	9.1207e-05	0.991556	478410	4050	0.0085	3144000	3	2	1	0
normal	step	taskil	erown	taskid	neuron	1e-06	42	val	0.992231	0.00319662	0.211035	0.000113605	9.46404e-05	0.00051589	0.992231	478410	4050	0.0085	3144000	3	2	1	0
normal	step	taskil	erown	taskid	neuron	1e-05	42	val	0.092733	0.698655	0.211035	nan	nan	nan	0.092733	478410	4050	0.0085	3144000	3	2	1	0
normal	step	taskil	erown	taskid	neuron	0.0001	42	val	0.092733	0	0.211035	nan	nan	nan	0.092733	478410	4050	0.0085	3144000	3	2	1	0
normal	step	taskil	erown	taskid	neuron	0.001	42	val	0.092733	0	0.211035	nan	nan	nan	0.092733	478410	4050	0.0085	3144000	3	2	1	0
normal	step	taskil	bufcur	taskid	neuron	1e-07	42	val	0.979783	0.00336544	0.211035	5.18876e-05	5.03787e-05	3.81112e-05	0.979783	478410	4050	0.0085	3144000	3	2	1	0
normal	step	taskil	bufcur	taskid	neuron	1e-06	42	val	0.978346	0.00627116	0.211035	0.000257647	0.000264278	0.000463367	0.978346	478410	4050	0.0085	3144000	3	2	1	0
normal	step	taskil	bufcur	taskid	neuron	1e-05	42	val	0.963122	0.0236017	0.211035	0.000860584	0.000849057	0.000738817	0.963122	478410	4050	0.0085	3144000	3	2	1	0
normal	step	taskil	bufcur	taskid	neuron	0.0001	42	val	0.092733	0	0.211035	nan	nan	nan	0.092733	478410	4050	0.0085	3144000	3	2	1	0
normal	step	taskil	bufcur	taskid	neuron	0.001	42	val	0.092733	0	0.211035	nan	nan	nan	0.092733	478410	4050	0.0085	3144000	3	2	1	0
normal	step	classil	erown	taskid	synapse	1e-07	42	val	0.896378	0.089155	0.211035	1.32013e-05	1.69687e-05	1.70427e-05	0.896378	478410	2388000	4.9915	3144000	3	2	1	0
normal	step	classil	erown	taskid	synapse	1e-06	42	val	0.891997	0.0975386	0.211035	7.78646e-05	0.000107632	9.90387e-05	0.891997	478410	2388000	4.9915	3144000	3	2	1	0
normal	step	classil	erown	taskid	synapse	1e-05	42	val	0.883295	0.103632	0.211035	0.000296643	0.000227447	0.000323188	0.883295	478410	2388000	4.9915	3144000	3	2	1	0
normal	step	classil	erown	taskid	synapse	0.0001	42	val	0.092733	0	0.211035	nan	nan	nan	0.092733	478410	2388000	4.9915	3144000	3	2	1	0
normal	step	classil	erown	taskid	synapse	0.001	42	val	0.092733	0	0.211035	nan	nan	nan	0.092733	478410	2388000	4.9915	3144000	3	2	1	0
normal	step	classil	bufcur	taskid	synapse	1e-07	42	val	0.566633	0.0447125	0.211035	4.6827e-05	4.47672e-05	3.52597e-05	0.566633	478410	2388000	4.9915	3144000	3	2	1	0
normal	step	classil	bufcur	taskid	synapse	1e-06	42	val	0.501628	0.101611	0.211035	0.000200086	0.000159711	0.000168229	0.501628	478410	2388000	4.9915	3144000	3	2	1	0
normal	step	classil	bufcur	taskid	synapse	1e-05	42	val	0.350772	0.204743	0.211035	0.00053045	0.000376129	0.000594967	0.350772	478410	2388000	4.9915	3144000	3	2	1	0
normal	step	classil	bufcur	taskid	synapse	0.0001	42	val	0.092733	0	0.211035	nan	nan	nan	0.092733	478410	2388000	4.9915	3144000	3	2	1	0
normal	step	classil	bufcur	taskid	synapse	0.001	42	val	0.092733	0	0.211035	nan	nan	nan	0.092733	478410	2388000	4.9915	3144000	3	2	1	0
normal	step	taskil	erown	taskid	synapse	1e-07	42	val	0.991213	0.00404476	0.211035	1.27002e-05	1.25334e-05	2.75412e-05	0.991213	478410	2388000	4.9915	3144000	3	2	1	0
normal	step	taskil	erown	taskid	synapse	1e-06	42	val	0.988317	0.00694982	0.211035	8.08623e-05	7.6098e-05	0.000180883	0.988317	478410	2388000	4.9915	3144000	3	2	1	0
normal	step	taskil	erown	taskid	synapse	1e-05	42	val	0.980821	0.0132427	0.211035	0.000148462	0.000116179	0.000430867	0.980821	478410	2388000	4.9915	3144000	3	2	1	0
normal	step	taskil	erown	taskid	synapse	0.0001	42	val	0.092733	0	0.211035	nan	nan	nan	0.092733	478410	2388000	4.9915	3144000	3	2	1	0
normal	step	taskil	erown	taskid	synapse	0.001	42	val	0.092733	0	0.211035	nan	nan	nan	0.092733	478410	2388000	4.9915	3144000	3	2	1	0
normal	step	taskil	bufcur	taskid	synapse	1e-07	42	val	0.977228	0.00673086	0.211035	3.14669e-05	3.10116e-05	3.25214e-05	0.977228	478410	2388000	4.9915	3144000	3	2	1	0
normal	step	taskil	bufcur	taskid	synapse	1e-06	42	val	0.978972	0.00772005	0.211035	0.000179088	0.000139968	0.000151365	0.978972	478410	2388000	4.9915	3144000	3	2	1	0
normal	step	taskil	bufcur	taskid	synapse	1e-05	42	val	0.982382	0.00863591	0.211035	0.00035607	0.000270461	0.000522188	0.982382	478410	2388000	4.9915	3144000	3	2	1	0
normal	step	taskil	bufcur	taskid	synapse	0.0001	42	val	0.092733	0	0.211035	nan	nan	nan	0.092733	478410	2388000	4.9915	3144000	3	2	1	0
normal	step	taskil	bufcur	taskid	synapse	0.001	42	val	0.092733	0	0.211035	nan	nan	nan	0.092733	478410	2388000	4.9915	3144000	3	2	1	0
normal	step	classil	erown	ach	global	1e-07	42	val	0.903639	0.0804223	0.206868	9.2343e-07	9.2343e-07	9.2343e-07	0.903639	478410	25154	0.0526	3144000	3	2	1	0
normal	step	classil	erown	ach	global	1e-06	42	val	0.890304	0.0952365	0.265878	0.000229006	0.000229006	0.000229006	0.890304	478410	25154	0.0526	3144000	3	2	1	0
normal	step	classil	erown	ach	global	1e-05	42	val	0.842809	0.145255	0.259377	6.1483e-05	6.1483e-05	6.1483e-05	0.842809	478410	25154	0.0526	3144000	3	2	1	0
normal	step	classil	erown	ach	global	0.0001	42	val	0.826429	0.160955	0.282714	4.74343e-05	4.74343e-05	4.74343e-05	0.826429	478410	25154	0.0526	3144000	3	2	1	0
normal	step	classil	erown	ach	global	0.001	42	val	0.815041	0.171519	0.241374	2.25373e-05	2.25373e-05	2.25373e-05	0.815041	478410	25154	0.0526	3144000	3	2	1	0
normal	step	classil	bufcur	ach	global	1e-07	42	val	0.621738	0.104392	0.205034	2.76628e-06	2.76628e-06	2.76628e-06	0.621738	478410	25154	0.0526	3144000	3	2	1	0
normal	step	classil	bufcur	ach	global	1e-06	42	val	0.400232	0.0254807	0.23704	0.00053621	0.00053621	0.00053621	0.400232	478410	25154	0.0526	3144000	3	2	1	0
normal	step	classil	bufcur	ach	global	1e-05	42	val	0.353918	0.00424133	0.346558	0.00120881	0.00120881	0.00120881	0.353918	478410	25154	0.0526	3144000	3	2	1	0
normal	step	classil	bufcur	ach	global	0.0001	42	val	0.404739	0.00905861	0.284547	0.000702022	0.000702022	0.000702022	0.404739	478410	25154	0.0526	3144000	3	2	1	0
normal	step	classil	bufcur	ach	global	0.001	42	val	0.108703	0.334437	0.252542	0.0664081	0.0664081	0.0664081	0.108703	478410	25154	0.0526	3144000	3	2	1	0
normal	step	taskil	erown	ach	global	1e-07	42	val	0.991423	0.00234848	0.205034	1.63109e-06	1.63109e-06	1.63109e-06	0.991423	478410	25154	0.0526	3144000	3	2	1	0
normal	step	taskil	erown	ach	global	1e-06	42	val	0.992246	0.0020217	0.273879	0.000480662	0.000480662	0.000480662	0.992246	478410	25154	0.0526	3144000	3	2	1	0
normal	step	taskil	erown	ach	global	1e-05	42	val	0.988381	0.0047234	0.251042	0.000160354	0.000160354	0.000160354	0.988381	478410	25154	0.0526	3144000	3	2	1	0
normal	step	taskil	erown	ach	global	0.0001	42	val	0.988225	0.00436208	0.375729	7.54688e-05	7.54688e-05	7.54688e-05	0.988225	478410	25154	0.0526	3144000	3	2	1	0
normal	step	taskil	erown	ach	global	0.001	42	val	0.988408	0.00467938	0.304551	0.000170223	0.000170223	0.000170223	0.988408	478410	25154	0.0526	3144000	3	2	1	0
normal	step	taskil	bufcur	ach	global	1e-07	42	val	0.976753	0.00555731	0.205701	2.24206e-06	2.24206e-06	2.24206e-06	0.976753	478410	25154	0.0526	3144000	3	2	1	0
normal	step	taskil	bufcur	ach	global	1e-06	42	val	0.982598	0.00152136	0.235539	0.000407839	0.000407839	0.000407839	0.982598	478410	25154	0.0526	3144000	3	2	1	0
normal	step	taskil	bufcur	ach	global	1e-05	42	val	0.984745	0.00406441	0.272545	0.000405871	0.000405871	0.000405871	0.984745	478410	25154	0.0526	3144000	3	2	1	0
normal	step	taskil	bufcur	ach	global	0.0001	42	val	0.985329	0.0020068	0.276546	0.000586128	0.000586128	0.000586128	0.985329	478410	25154	0.0526	3144000	3	2	1	0
normal	step	taskil	bufcur	ach	global	0.001	42	val	0.495624	0.303778	0.23904	0.149391	0.149391	0.149391	0.495624	478410	25154	0.0526	3144000	3	2	1	0
normal	step	classil	erown	ach	neuron	1e-07	42	val	0.904134	0.0800914	0.206868	3.86499e-07	3.96525e-07	4.75128e-07	0.904134	478410	25963	0.0543	3144000	3	2	1	0
normal	step	classil	erown	ach	neuron	1e-06	42	val	0.896611	0.0882718	0.268211	0.000124099	0.00013011	0.000146355	0.896611	478410	25963	0.0543	3144000	3	2	1	0
normal	step	classil	erown	ach	neuron	1e-05	42	val	0.848953	0.140944	0.251375	5.84208e-05	6.14941e-05	8.64922e-05	0.848953	478410	25963	0.0543	3144000	3	2	1	0
normal	step	classil	erown	ach	neuron	0.0001	42	val	0.829478	0.158932	0.269712	3.51652e-05	3.54858e-05	4.47685e-05	0.829478	478410	25963	0.0543	3144000	3	2	1	0
normal	step	classil	erown	ach	neuron	0.001	42	val	0.804221	0.180492	0.303384	4.39904e-05	4.60668e-05	3.60886e-05	0.804221	478410	25963	0.0543	3144000	3	2	1	0
normal	step	classil	bufcur	ach	neuron	1e-07	42	val	0.620572	0.105559	0.205034	1.28437e-06	1.28087e-06	1.37047e-06	0.620572	478410	25963	0.0543	3144000	3	2	1	0
normal	step	classil	bufcur	ach	neuron	1e-06	42	val	0.324879	0.0885829	0.230538	0.000408131	0.000409784	0.000309615	0.324879	478410	25963	0.0543	3144000	3	2	1	0
normal	step	classil	bufcur	ach	neuron	1e-05	42	val	0.359585	0.0963351	0.41807	0.000112707	0.000117307	4.43592e-05	0.359585	478410	25963	0.0543	3144000	3	2	1	0
normal	step	classil	bufcur	ach	neuron	0.0001	42	val	0.496539	0.164316	0.23804	6.11168e-05	3.91737e-05	5.30613e-05	0.496539	478410	25963	0.0543	3144000	3	2	1	0
normal	step	classil	bufcur	ach	neuron	0.001	42	val	0.245497	0.609921	0.344057	0.000286807	0.000119034	0.000634815	0.245497	478410	25963	0.0543	3144000	3	2	1	0
normal	step	taskil	erown	ach	neuron	1e-07	42	val	0.991593	0.00217899	0.204867	3.45386e-07	3.7632e-07	6.54574e-07	0.991593	478410	25963	0.0543	3144000	3	2	1	0
normal	step	taskil	erown	ach	neuron	1e-06	42	val	0.992424	0.00151322	0.272879	0.000174532	0.000198267	0.000252648	0.992424	478410	25963	0.0543	3144000	3	2	1	0
normal	step	taskil	erown	ach	neuron	1e-05	42	val	0.993113	0.00166307	0.260877	0.000114501	0.000138886	0.000107108	0.993113	478410	25963	0.0543	3144000	3	2	1	0
normal	step	taskil	erown	ach	neuron	0.0001	42	val	0.990347	0.00289778	0.322387	0.000111568	0.000126397	0.000155901	0.990347	478410	25963	0.0543	3144000	3	2	1	0
normal	step	taskil	erown	ach	neuron	0.001	42	val	0.092733	0.305727	0.187698	nan	nan	nan	0.092733	478410	25963	0.0543	3144000	3	2	1	0
normal	step	taskil	bufcur	ach	neuron	1e-07	42	val	0.976753	0.00555731	0.205701	7.89611e-07	8.2613e-07	8.9437e-07	0.976753	478410	25963	0.0543	3144000	3	2	1	0
normal	step	taskil	bufcur	ach	neuron	1e-06	42	val	0.983485	0.000165426	0.249042	0.000314208	0.000332587	0.000217708	0.983485	478410	25963	0.0543	3144000	3	2	1	0
normal	step	taskil	bufcur	ach	neuron	1e-05	42	val	0.983372	0.00265429	0.361227	7.68203e-05	7.31785e-05	3.96061e-05	0.983372	478410	25963	0.0543	3144000	3	2	1	0
normal	step	taskil	bufcur	ach	neuron	0.0001	42	val	0.985009	0.00256405	0.251875	0.000143986	0.000110455	0.000104816	0.985009	478410	25963	0.0543	3144000	3	2	1	0
normal	step	taskil	bufcur	ach	neuron	0.001	42	val	0.092733	0.59982	0.187698	nan	nan	nan	0.092733	478410	25963	0.0543	3144000	3	2	1	0
normal	step	classil	erown	ach	synapse	1e-07	42	val	0.90397	0.0800914	0.206868	2.16144e-08	3.97533e-08	1.03377e-07	0.90397	478410	502753	1.0509	3144000	3	2	1	0
normal	step	classil	erown	ach	synapse	1e-06	42	val	0.900128	0.0845903	0.269712	2.49545e-05	3.54071e-05	5.58005e-05	0.900128	478410	502753	1.0509	3144000	3	2	1	0
normal	step	classil	erown	ach	synapse	1e-05	42	val	0.884276	0.102781	0.250875	3.29633e-05	4.943e-05	7.35564e-05	0.884276	478410	502753	1.0509	3144000	3	2	1	0
normal	step	classil	erown	ach	synapse	0.0001	42	val	0.873962	0.113759	0.344557	3.80568e-05	4.71484e-05	5.71062e-05	0.873962	478410	502753	1.0509	3144000	3	2	1	0
normal	step	classil	erown	ach	synapse	0.001	42	val	0.092733	0.304168	0.187698	nan	nan	nan	0.092733	478410	502753	1.0509	3144000	3	2	1	0
normal	step	classil	bufcur	ach	synapse	1e-07	42	val	0.619125	0.106682	0.205034	3.78761e-07	3.69269e-07	5.55537e-07	0.619125	478410	502753	1.0509	3144000	3	2	1	0
normal	step	classil	bufcur	ach	synapse	1e-06	42	val	0.301271	0.0781968	0.234039	0.000139694	0.000129649	9.55532e-05	0.301271	478410	502753	1.0509	3144000	3	2	1	0
normal	step	classil	bufcur	ach	synapse	1e-05	42	val	0.196092	0.00142096	0.413402	4.3896e-05	4.27341e-05	1.8634e-05	0.196092	478410	502753	1.0509	3144000	3	2	1	0
normal	step	classil	bufcur	ach	synapse	0.0001	42	val	0.320347	0.0298621	0.248208	0.000133521	0.00012191	0.000107529	0.320347	478410	502753	1.0509	3144000	3	2	1	0
normal	step	classil	bufcur	ach	synapse	0.001	42	val	0.191322	0.137282	0.291882	4.35208e-05	3.16682e-05	3.23344e-05	0.191322	478410	502753	1.0509	3144000	3	2	1	0
normal	step	taskil	erown	ach	synapse	1e-07	42	val	0.991924	0.00167865	0.205034	1.87646e-08	3.15329e-08	9.09512e-08	0.991924	478410	502753	1.0509	3144000	3	2	1	0
normal	step	taskil	erown	ach	synapse	1e-06	42	val	0.99039	0.00354711	0.275879	4.93266e-05	6.17416e-05	7.84787e-05	0.99039	478410	502753	1.0509	3144000	3	2	1	0
normal	step	taskil	erown	ach	synapse	1e-05	42	val	0.985597	0.00783114	0.266544	4.85985e-05	7.39696e-05	6.28706e-05	0.985597	478410	502753	1.0509	3144000	3	2	1	0
normal	step	taskil	erown	ach	synapse	0.0001	42	val	0.979651	0.0151241	0.280547	4.12835e-05	5.11306e-05	5.1817e-05	0.979651	478410	502753	1.0509	3144000	3	2	1	0
normal	step	taskil	erown	ach	synapse	0.001	42	val	0.092733	0.306201	0.187698	nan	nan	nan	0.092733	478410	502753	1.0509	3144000	3	2	1	0
normal	step	taskil	bufcur	ach	synapse	1e-07	42	val	0.976753	0.00555731	0.205701	1.88779e-07	1.99864e-07	3.26951e-07	0.976753	478410	502753	1.0509	3144000	3	2	1	0
normal	step	taskil	bufcur	ach	synapse	1e-06	42	val	0.980406	0.00392812	0.234706	0.000113505	0.000112753	9.12996e-05	0.980406	478410	502753	1.0509	3144000	3	2	1	0
normal	step	taskil	bufcur	ach	synapse	1e-05	42	val	0.965072	0.0191241	0.372229	4.55345e-05	4.6226e-05	2.18635e-05	0.965072	478410	502753	1.0509	3144000	3	2	1	0
normal	step	taskil	bufcur	ach	synapse	0.0001	42	val	0.969852	0.0188539	0.269378	6.51816e-05	6.78179e-05	5.78117e-05	0.969852	478410	502753	1.0509	3144000	3	2	1	0
normal	step	taskil	bufcur	ach	synapse	0.001	42	val	0.092733	0.304346	0.187698	nan	nan	nan	0.092733	478410	502753	1.0509	3144000	3	2	1	0
normal	step	classil	erown	nerisez	global	1e-07	42	val	0.903805	0.0802569	0.211035	0	0	0	0.903805	478410	25154	0.0526	3144000	3	2	1	0
normal	step	classil	erown	nerisez	global	1e-06	42	val	0.900419	0.0841355	0.271545	0.000948783	0.000948783	0.000948783	0.900419	478410	25154	0.0526	3144000	3	2	1	0
normal	step	classil	erown	nerisez	global	1e-05	42	val	0.092733	0.198224	0.187698	nan	nan	nan	0.092733	478410	25154	0.0526	3144000	3	2	1	0
normal	step	classil	erown	nerisez	global	0.0001	42	val	0.783817	0.201699	0.273712	0.000792442	0.000792442	0.000792442	0.783817	478410	25154	0.0526	3144000	3	2	1	0
normal	step	classil	erown	nerisez	global	0.001	42	val	0.108703	0.508685	0.234372	0.139695	0.139695	0.139695	0.108703	478410	25154	0.0526	3144000	3	2	1	0
normal	step	classil	bufcur	nerisez	global	1e-07	42	val	0.620855	0.105938	0.211035	0	0	0	0.620855	478410	25154	0.0526	3144000	3	2	1	0
normal	step	classil	bufcur	nerisez	global	1e-06	42	val	0.620855	0.105938	0.211035	0	0	0	0.620855	478410	25154	0.0526	3144000	3	2	1	0
normal	step	classil	bufcur	nerisez	global	1e-05	42	val	0.396491	0.00630965	0.295883	0.000113467	0.000113467	0.000113467	0.396491	478410	25154	0.0526	3144000	3	2	1	0
normal	step	classil	bufcur	nerisez	global	0.0001	42	val	0.42566	0.0619683	0.287381	0.00463931	0.00463931	0.00463931	0.42566	478410	25154	0.0526	3144000	3	2	1	0
normal	step	classil	bufcur	nerisez	global	0.001	42	val	0.108703	0.401455	0.275713	0.0839185	0.0839185	0.0839185	0.108703	478410	25154	0.0526	3144000	3	2	1	0
normal	step	taskil	erown	nerisez	global	1e-07	42	val	0.991758	0.00217899	0.211035	0	0	0	0.991758	478410	25154	0.0526	3144000	3	2	1	0
normal	step	taskil	erown	nerisez	global	1e-06	42	val	0.991758	0.00217899	0.211035	0	0	0	0.991758	478410	25154	0.0526	3144000	3	2	1	0
normal	step	taskil	erown	nerisez	global	1e-05	42	val	0.092733	0.198757	0.187698	nan	nan	nan	0.092733	478410	25154	0.0526	3144000	3	2	1	0
normal	step	taskil	erown	nerisez	global	0.0001	42	val	0.092733	0.198224	0.187698	nan	nan	nan	0.092733	478410	25154	0.0526	3144000	3	2	1	0
normal	step	taskil	erown	nerisez	global	0.001	42	val	0.987442	0.00646235	0.294216	0.000662353	0.000662353	0.000662353	0.987442	478410	25154	0.0526	3144000	3	2	1	0
normal	step	taskil	bufcur	nerisez	global	1e-07	42	val	0.976584	0.00556138	0.211035	0	0	0	0.976584	478410	25154	0.0526	3144000	3	2	1	0
normal	step	taskil	bufcur	nerisez	global	1e-06	42	val	0.976584	0.00556138	0.211035	0	0	0	0.976584	478410	25154	0.0526	3144000	3	2	1	0
normal	step	taskil	bufcur	nerisez	global	1e-05	42	val	0.985051	0.00121895	0.279713	6.6823e-05	6.6823e-05	6.6823e-05	0.985051	478410	25154	0.0526	3144000	3	2	1	0
normal	step	taskil	bufcur	nerisez	global	0.0001	42	val	0.986505	0.000666452	0.27888	0.000814577	0.000814577	0.000814577	0.986505	478410	25154	0.0526	3144000	3	2	1	0
normal	step	taskil	bufcur	nerisez	global	0.001	42	val	0.985684	0.00182987	0.277713	0.0344069	0.0344069	0.0344069	0.985684	478410	25154	0.0526	3144000	3	2	1	0
normal	step	classil	erown	nerisez	neuron	1e-07	42	val	0.903805	0.0802569	0.211035	0	0	0	0.903805	478410	25963	0.0543	3144000	3	2	1	0
normal	step	classil	erown	nerisez	neuron	1e-06	42	val	0.902772	0.0816182	0.271712	0.00017142	0.000180922	0.000228104	0.902772	478410	25963	0.0543	3144000	3	2	1	0
normal	step	classil	erown	nerisez	neuron	1e-05	42	val	0.092733	0.304385	0.187698	nan	nan	nan	0.092733	478410	25963	0.0543	3144000	3	2	1	0
normal	step	classil	erown	nerisez	neuron	0.0001	42	val	0.092733	0.198401	0.187698	nan	nan	nan	0.092733	478410	25963	0.0543	3144000	3	2	1	0
normal	step	classil	erown	nerisez	neuron	0.001	42	val	0.092733	0	0.187698	nan	nan	nan	0.092733	478410	25963	0.0543	3144000	3	2	1	0
normal	step	classil	bufcur	nerisez	neuron	1e-07	42	val	0.620855	0.105938	0.211035	0	0	0	0.620855	478410	25963	0.0543	3144000	3	2	1	0
normal	step	classil	bufcur	nerisez	neuron	1e-06	42	val	0.620855	0.105938	0.211035	0	0	0	0.620855	478410	25963	0.0543	3144000	3	2	1	0
normal	step	classil	bufcur	nerisez	neuron	1e-05	42	val	0.092733	0.190941	0.187698	nan	nan	nan	0.092733	478410	25963	0.0543	3144000	3	2	1	0
normal	step	classil	bufcur	nerisez	neuron	0.0001	42	val	0.092733	0.223993	0.187698	nan	nan	nan	0.092733	478410	25963	0.0543	3144000	3	2	1	0
normal	step	classil	bufcur	nerisez	neuron	0.001	42	val	0.092733	0.159307	0.187698	nan	nan	nan	0.092733	478410	25963	0.0543	3144000	3	2	1	0
normal	step	taskil	erown	nerisez	neuron	1e-07	42	val	0.991758	0.00217899	0.211035	0	0	0	0.991758	478410	25963	0.0543	3144000	3	2	1	0
normal	step	taskil	erown	nerisez	neuron	1e-06	42	val	0.991758	0.00217899	0.211035	0	0	0	0.991758	478410	25963	0.0543	3144000	3	2	1	0
normal	step	taskil	erown	nerisez	neuron	1e-05	42	val	0.092733	0.695869	0.187698	nan	nan	nan	0.092733	478410	25963	0.0543	3144000	3	2	1	0
normal	step	taskil	erown	nerisez	neuron	0.0001	42	val	0.092733	0.198401	0.187698	nan	nan	nan	0.092733	478410	25963	0.0543	3144000	3	2	1	0
normal	step	taskil	erown	nerisez	neuron	0.001	42	val	0.092733	0.19929	0.187698	nan	nan	nan	0.092733	478410	25963	0.0543	3144000	3	2	1	0
normal	step	taskil	bufcur	nerisez	neuron	1e-07	42	val	0.976584	0.00556138	0.211035	0	0	0	0.976584	478410	25963	0.0543	3144000	3	2	1	0
normal	step	taskil	bufcur	nerisez	neuron	1e-06	42	val	0.976584	0.00556138	0.211035	0	0	0	0.976584	478410	25963	0.0543	3144000	3	2	1	0
normal	step	taskil	bufcur	nerisez	neuron	1e-05	42	val	0.092733	0.196448	0.187698	nan	nan	nan	0.092733	478410	25963	0.0543	3144000	3	2	1	0
normal	step	taskil	bufcur	nerisez	neuron	0.0001	42	val	0.092733	0.197691	0.187698	nan	nan	nan	0.092733	478410	25963	0.0543	3144000	3	2	1	0
normal	step	taskil	bufcur	nerisez	neuron	0.001	42	val	0.092733	0.490933	0.187698	nan	nan	nan	0.092733	478410	25963	0.0543	3144000	3	2	1	0
normal	step	classil	erown	nerisez	synapse	1e-07	42	val	0.903805	0.0802569	0.211035	0	0	0	0.903805	478410	502753	1.0509	3144000	3	2	1	0
normal	step	classil	erown	nerisez	synapse	1e-06	42	val	0.903967	0.0805877	0.271379	2.4005e-05	3.33078e-05	5.45631e-05	0.903967	478410	502753	1.0509	3144000	3	2	1	0
normal	step	classil	erown	nerisez	synapse	1e-05	42	val	0.868984	0.111166	0.247375	0.000179136	0.000262211	0.000559577	0.868984	478410	502753	1.0509	3144000	3	2	1	0
normal	step	classil	erown	nerisez	synapse	0.0001	42	val	0.092733	0.499116	0.187698	nan	nan	nan	0.092733	478410	502753	1.0509	3144000	3	2	1	0
normal	step	classil	erown	nerisez	synapse	0.001	42	val	0.092733	0.196803	0.187698	nan	nan	nan	0.092733	478410	502753	1.0509	3144000	3	2	1	0
normal	step	classil	bufcur	nerisez	synapse	1e-07	42	val	0.620855	0.105938	0.211035	0	0	0	0.620855	478410	502753	1.0509	3144000	3	2	1	0
normal	step	classil	bufcur	nerisez	synapse	1e-06	42	val	0.620855	0.105938	0.211035	0	0	0	0.620855	478410	502753	1.0509	3144000	3	2	1	0
normal	step	classil	bufcur	nerisez	synapse	1e-05	42	val	0.092733	0.190941	0.187698	nan	nan	nan	0.092733	478410	502753	1.0509	3144000	3	2	1	0
normal	step	classil	bufcur	nerisez	synapse	0.0001	42	val	0.092733	0.197513	0.187698	nan	nan	nan	0.092733	478410	502753	1.0509	3144000	3	2	1	0
normal	step	classil	bufcur	nerisez	synapse	0.001	42	val	0.092733	0.190941	0.187698	nan	nan	nan	0.092733	478410	502753	1.0509	3144000	3	2	1	0
normal	step	taskil	erown	nerisez	synapse	1e-07	42	val	0.991758	0.00217899	0.211035	0	0	0	0.991758	478410	502753	1.0509	3144000	3	2	1	0
normal	step	taskil	erown	nerisez	synapse	1e-06	42	val	0.991758	0.00217899	0.211035	0	0	0	0.991758	478410	502753	1.0509	3144000	3	2	1	0
normal	step	taskil	erown	nerisez	synapse	1e-05	42	val	0.979347	0.0125742	0.276546	6.29761e-05	8.47786e-05	0.00011084	0.979347	478410	502753	1.0509	3144000	3	2	1	0
normal	step	taskil	erown	nerisez	synapse	0.0001	42	val	0.092733	0.198934	0.187698	nan	nan	nan	0.092733	478410	502753	1.0509	3144000	3	2	1	0
normal	step	taskil	erown	nerisez	synapse	0.001	42	val	0.092733	0.198757	0.187698	nan	nan	nan	0.092733	478410	502753	1.0509	3144000	3	2	1	0
normal	step	taskil	bufcur	nerisez	synapse	1e-07	42	val	0.976584	0.00556138	0.211035	0	0	0	0.976584	478410	502753	1.0509	3144000	3	2	1	0
normal	step	taskil	bufcur	nerisez	synapse	1e-06	42	val	0.976584	0.00556138	0.211035	0	0	0	0.976584	478410	502753	1.0509	3144000	3	2	1	0
normal	step	taskil	bufcur	nerisez	synapse	1e-05	42	val	0.092733	0.196448	0.187698	nan	nan	nan	0.092733	478410	502753	1.0509	3144000	3	2	1	0
normal	step	taskil	bufcur	nerisez	synapse	0.0001	42	val	0.092733	0.302134	0.187698	nan	nan	nan	0.092733	478410	502753	1.0509	3144000	3	2	1	0
normal	step	taskil	bufcur	nerisez	synapse	0.001	42	val	0.092733	0.195382	0.187698	nan	nan	nan	0.092733	478410	502753	1.0509	3144000	3	2	1	0
normal	step	classil	erown	vecproj	global	1e-07	42	val	0.897954	0.0867462	0.673446	9.79517e-06	9.79517e-06	9.79517e-06	0.897954	478410	32	0.0001	3144000	3	2	1	0
normal	step	classil	erown	vecproj	global	1e-06	42	val	0.898121	0.0869103	0.673446	9.35682e-05	9.35682e-05	9.35682e-05	0.898121	478410	32	0.0001	3144000	3	2	1	0
normal	step	classil	erown	vecproj	global	1e-05	42	val	0.899169	0.0858676	0.673446	0.000833753	0.000833753	0.000833753	0.899169	478410	32	0.0001	3144000	3	2	1	0
normal	step	classil	erown	vecproj	global	0.0001	42	val	0.89525	0.0882739	0.673446	0.00510136	0.00510136	0.00510136	0.89525	478410	32	0.0001	3144000	3	2	1	0
normal	step	classil	erown	vecproj	global	0.001	42	val	0.883093	0.104141	0.673446	0.0533948	0.0533948	0.0533948	0.883093	478410	32	0.0001	3144000	3	2	1	0
normal	step	classil	bufcur	vecproj	global	1e-07	42	val	0.619647	0.109991	0.673446	3.96888e-05	3.96888e-05	3.96888e-05	0.619647	478410	32	0.0001	3144000	3	2	1	0
normal	step	classil	bufcur	vecproj	global	1e-06	42	val	0.621655	0.121225	0.673446	0.000416462	0.000416462	0.000416462	0.621655	478410	32	0.0001	3144000	3	2	1	0
normal	step	classil	bufcur	vecproj	global	1e-05	42	val	0.514571	0.217075	0.673446	0.00569909	0.00569909	0.00569909	0.514571	478410	32	0.0001	3144000	3	2	1	0
normal	step	classil	bufcur	vecproj	global	0.0001	42	val	0.414265	0.114733	0.673446	0.0447306	0.0447306	0.0447306	0.414265	478410	32	0.0001	3144000	3	2	1	0
normal	step	classil	bufcur	vecproj	global	0.001	42	val	0.092733	0.1156	0.673446	nan	nan	nan	0.092733	478410	32	0.0001	3144000	3	2	1	0
normal	step	taskil	erown	vecproj	global	1e-07	42	val	0.991363	0.00389491	0.673446	3.58554e-05	3.58554e-05	3.58554e-05	0.991363	478410	32	0.0001	3144000	3	2	1	0
normal	step	taskil	erown	vecproj	global	1e-06	42	val	0.991552	0.00353629	0.673446	0.000364281	0.000364281	0.000364281	0.991552	478410	32	0.0001	3144000	3	2	1	0
normal	step	taskil	erown	vecproj	global	1e-05	42	val	0.992391	0.00286645	0.673446	0.00449545	0.00449545	0.00449545	0.992391	478410	32	0.0001	3144000	3	2	1	0
normal	step	taskil	erown	vecproj	global	0.0001	42	val	0.986053	0.0081899	0.673446	0.0432111	0.0432111	0.0432111	0.986053	478410	32	0.0001	3144000	3	2	1	0
normal	step	taskil	erown	vecproj	global	0.001	42	val	0.969068	0.0203225	0.673446	0.0524999	0.0524999	0.0524999	0.969068	478410	32	0.0001	3144000	3	2	1	0
normal	step	taskil	bufcur	vecproj	global	1e-07	42	val	0.975748	0.00689292	0.673446	5.89767e-05	5.89767e-05	5.89767e-05	0.975748	478410	32	0.0001	3144000	3	2	1	0
normal	step	taskil	bufcur	vecproj	global	1e-06	42	val	0.975912	0.00689292	0.673446	0.000633029	0.000633029	0.000633029	0.975912	478410	32	0.0001	3144000	3	2	1	0
normal	step	taskil	bufcur	vecproj	global	1e-05	42	val	0.978917	0.00489493	0.673446	0.00849952	0.00849952	0.00849952	0.978917	478410	32	0.0001	3144000	3	2	1	0
normal	step	taskil	bufcur	vecproj	global	0.0001	42	val	0.946819	0.0372726	0.673446	0.0300644	0.0300644	0.0300644	0.946819	478410	32	0.0001	3144000	3	2	1	0
normal	step	taskil	bufcur	vecproj	global	0.001	42	val	0.522361	0.0941385	0.673446	1.23215	1.23215	1.23215	0.522361	478410	32	0.0001	3144000	3	2	1	0
normal	step	classil	erown	vecproj	neuron	1e-07	42	val	0.897599	0.0872662	0.673446	3.81187e-05	4.12922e-05	3.80573e-05	0.897599	478410	25920	0.0542	3144000	3	2	1	0
normal	step	classil	erown	vecproj	neuron	1e-06	42	val	0.898759	0.0866106	0.673446	0.000376144	0.000404967	0.00037062	0.898759	478410	25920	0.0542	3144000	3	2	1	0
normal	step	classil	erown	vecproj	neuron	1e-05	42	val	0.901111	0.0850838	0.673446	0.00331344	0.00350994	0.0028893	0.901111	478410	25920	0.0542	3144000	3	2	1	0
normal	step	classil	erown	vecproj	neuron	0.0001	42	val	0.873155	0.108712	0.673446	0.0177734	0.0195262	0.031735	0.873155	478410	25920	0.0542	3144000	3	2	1	0
normal	step	classil	erown	vecproj	neuron	0.001	42	val	0.092733	0.213113	0.673446	nan	nan	nan	0.092733	478410	25920	0.0542	3144000	3	2	1	0
normal	step	classil	bufcur	vecproj	neuron	1e-07	42	val	0.622267	0.111383	0.673446	7.91545e-05	8.18805e-05	0.000120651	0.622267	478410	25920	0.0542	3144000	3	2	1	0
normal	step	classil	bufcur	vecproj	neuron	1e-06	42	val	0.615895	0.156692	0.673446	0.000789139	0.000815913	0.00120281	0.615895	478410	25920	0.0542	3144000	3	2	1	0
normal	step	classil	bufcur	vecproj	neuron	1e-05	42	val	0.33371	0.490791	0.673446	0.00715517	0.00771399	0.0106729	0.33371	478410	25920	0.0542	3144000	3	2	1	0
normal	step	classil	bufcur	vecproj	neuron	0.0001	42	val	0.0957087	0.411366	0.673446	0.0314154	0.0440176	0.0597591	0.0957087	478410	25920	0.0542	3144000	3	2	1	0
normal	step	classil	bufcur	vecproj	neuron	0.001	42	val	0.092733	0.194671	0.673446	nan	nan	nan	0.092733	478410	25920	0.0542	3144000	3	2	1	0
normal	step	taskil	erown	vecproj	neuron	1e-07	42	val	0.991541	0.00371729	0.673446	3.27728e-05	3.57565e-05	3.35556e-05	0.991541	478410	25920	0.0542	3144000	3	2	1	0
normal	step	taskil	erown	vecproj	neuron	1e-06	42	val	0.991383	0.00370578	0.673446	0.000327753	0.000354974	0.000331987	0.991383	478410	25920	0.0542	3144000	3	2	1	0
normal	step	taskil	erown	vecproj	neuron	1e-05	42	val	0.992052	0.00337086	0.673446	0.00298626	0.00318148	0.00257862	0.992052	478410	25920	0.0542	3144000	3	2	1	0
normal	step	taskil	erown	vecproj	neuron	0.0001	42	val	0.988056	0.00320341	0.673446	0.0175337	0.0213942	0.0220147	0.988056	478410	25920	0.0542	3144000	3	2	1	0
normal	step	taskil	erown	vecproj	neuron	0.001	42	val	0.092733	0.198934	0.673446	nan	nan	nan	0.092733	478410	25920	0.0542	3144000	3	2	1	0
normal	step	taskil	bufcur	vecproj	neuron	1e-07	42	val	0.975748	0.00689292	0.673446	7.81158e-05	7.84981e-05	0.000111654	0.975748	478410	25920	0.0542	3144000	3	2	1	0
normal	step	taskil	bufcur	vecproj	neuron	1e-06	42	val	0.976748	0.00622308	0.673446	0.000770973	0.000777167	0.00109563	0.976748	478410	25920	0.0542	3144000	3	2	1	0
normal	step	taskil	bufcur	vecproj	neuron	1e-05	42	val	0.971341	0.0131337	0.673446	0.00621239	0.00640823	0.00817261	0.971341	478410	25920	0.0542	3144000	3	2	1	0
normal	step	taskil	bufcur	vecproj	neuron	0.0001	42	val	0.655717	0.211501	0.673446	0.03064	0.0381896	0.0352636	0.655717	478410	25920	0.0542	3144000	3	2	1	0
normal	step	taskil	bufcur	vecproj	neuron	0.001	42	val	0.092733	0.198046	0.673446	nan	nan	nan	0.092733	478410	25920	0.0542	3144000	3	2	1	0
normal	step	classil	erown	vecproj	synapse	1e-07	42	val	0.897959	0.0865767	0.673446	3.12881e-05	3.72474e-05	3.82017e-05	0.897959	478410	15283200	31.9458	3144000	3	2	1	0
normal	step	classil	erown	vecproj	synapse	1e-06	42	val	0.896898	0.08814	0.673446	0.000290768	0.000352213	0.000365712	0.896898	478410	15283200	31.9458	3144000	3	2	1	0
normal	step	classil	erown	vecproj	synapse	1e-05	42	val	0.900535	0.0850145	0.673446	0.00212147	0.00273475	0.00289187	0.900535	478410	15283200	31.9458	3144000	3	2	1	0
normal	step	classil	erown	vecproj	synapse	0.0001	42	val	0.816789	0.165183	0.673446	0.0131089	0.0132132	0.0196655	0.816789	478410	15283200	31.9458	3144000	3	2	1	0
normal	step	classil	erown	vecproj	synapse	0.001	42	val	0.092733	0.198224	0.673446	nan	nan	nan	0.092733	478410	15283200	31.9458	3144000	3	2	1	0
normal	step	classil	bufcur	vecproj	synapse	1e-07	42	val	0.626814	0.121036	0.673446	7.23174e-05	7.53081e-05	6.26263e-05	0.626814	478410	15283200	31.9458	3144000	3	2	1	0
normal	step	classil	bufcur	vecproj	synapse	1e-06	42	val	0.504118	0.317633	0.673446	0.0006273	0.000668577	0.000583538	0.504118	478410	15283200	31.9458	3144000	3	2	1	0
normal	step	classil	bufcur	vecproj	synapse	1e-05	42	val	0.239939	0.447284	0.673446	0.00349376	0.00380816	0.00406624	0.239939	478410	15283200	31.9458	3144000	3	2	1	0
normal	step	classil	bufcur	vecproj	synapse	0.0001	42	val	0.0967742	0.445702	0.673446	0.0350415	0.0286504	0.0239051	0.0967742	478410	15283200	31.9458	3144000	3	2	1	0
normal	step	classil	bufcur	vecproj	synapse	0.001	42	val	0.092733	0.176377	0.673446	nan	nan	nan	0.092733	478410	15283200	31.9458	3144000	3	2	1	0
normal	step	taskil	erown	vecproj	synapse	1e-07	42	val	0.991363	0.00389491	0.673446	2.36019e-05	2.55908e-05	1.80927e-05	0.991363	478410	15283200	31.9458	3144000	3	2	1	0
normal	step	taskil	erown	vecproj	synapse	1e-06	42	val	0.991217	0.0040407	0.673446	0.00023014	0.000250957	0.000176471	0.991217	478410	15283200	31.9458	3144000	3	2	1	0
normal	step	taskil	erown	vecproj	synapse	1e-05	42	val	0.991722	0.00370171	0.673446	0.00192999	0.00207994	0.00148758	0.991722	478410	15283200	31.9458	3144000	3	2	1	0
normal	step	taskil	erown	vecproj	synapse	0.0001	42	val	0.98332	0.0109424	0.673446	0.0111335	0.0112913	0.0117148	0.98332	478410	15283200	31.9458	3144000	3	2	1	0
normal	step	taskil	erown	vecproj	synapse	0.001	42	val	0.092733	0.198401	0.673446	nan	nan	nan	0.092733	478410	15283200	31.9458	3144000	3	2	1	0
normal	step	taskil	bufcur	vecproj	synapse	1e-07	42	val	0.976764	0.00621902	0.673446	6.64821e-05	6.83062e-05	5.61265e-05	0.976764	478410	15283200	31.9458	3144000	3	2	1	0
normal	step	taskil	bufcur	vecproj	synapse	1e-06	42	val	0.978546	0.00495533	0.673446	0.000569904	0.00061255	0.000519262	0.978546	478410	15283200	31.9458	3144000	3	2	1	0
normal	step	taskil	bufcur	vecproj	synapse	1e-05	42	val	0.612773	0.368994	0.673446	0.0039949	0.00398191	0.00434711	0.612773	478410	15283200	31.9458	3144000	3	2	1	0
normal	step	taskil	bufcur	vecproj	synapse	0.0001	42	val	0.506764	0.273735	0.673446	0.0307966	0.0247348	0.0194425	0.506764	478410	15283200	31.9458	3144000	3	2	1	0
normal	step	taskil	bufcur	vecproj	synapse	0.001	42	val	0.092733	0.194494	0.673446	nan	nan	nan	0.092733	478410	15283200	31.9458	3144000	3	2	1	0
normal	boundary	classil	erown	taskid	global	0.0001	42	val	0.903503	0.077536	0.211035	0.0123663	0.0123663	0.0123663	0.903503	478410	5	0	3144000	3	2	1	0
normal	boundary	classil	erown	taskid	global	0.001	42	val	0.900488	0.0820491	0.211035	0.113965	0.113965	0.113965	0.900488	478410	5	0	3144000	3	2	1	0
normal	boundary	classil	erown	taskid	global	0.01	42	val	0.848865	0.138164	0.211035	0.41811	0.41811	0.41811	0.848865	478410	5	0	3144000	3	2	1	0
normal	boundary	classil	erown	taskid	global	0.1	42	val	0.092733	0.694433	0.211035	nan	nan	nan	0.092733	478410	5	0	3144000	3	2	1	0
normal	boundary	classil	bufcur	taskid	global	0.0001	42	val	0.618345	0.0928112	0.211035	0.0117526	0.0117526	0.0117526	0.618345	478410	5	0	3144000	3	2	1	0
normal	boundary	classil	bufcur	taskid	global	0.001	42	val	0.54154	0.0362976	0.211035	0.0476285	0.0476285	0.0476285	0.54154	478410	5	0	3144000	3	2	1	0
normal	boundary	classil	bufcur	taskid	global	0.01	42	val	0.407895	0.0117642	0.211035	0.0736924	0.0736924	0.0736924	0.407895	478410	5	0	3144000	3	2	1	0
normal	boundary	classil	bufcur	taskid	global	0.1	42	val	0.426792	0.0162562	0.211035	0.197899	0.197899	0.197899	0.426792	478410	5	0	3144000	3	2	1	0
normal	boundary	taskil	erown	taskid	global	0.0001	42	val	0.990229	0.00200205	0.211035	0.0119797	0.0119797	0.0119797	0.990229	478410	5	0	3144000	3	2	1	0
normal	boundary	taskil	erown	taskid	global	0.001	42	val	0.990713	0.0013478	0.211035	0.100771	0.100771	0.100771	0.990713	478410	5	0	3144000	3	2	1	0
normal	boundary	taskil	erown	taskid	global	0.01	42	val	0.990524	0.00188947	0.211035	0.328641	0.328641	0.328641	0.990524	478410	5	0	3144000	3	2	1	0
normal	boundary	taskil	erown	taskid	global	0.1	42	val	0.092733	0.503489	0.211035	nan	nan	nan	0.092733	478410	5	0	3144000	3	2	1	0
normal	boundary	taskil	bufcur	taskid	global	0.0001	42	val	0.975752	0.00707867	0.211035	0.00575387	0.00575387	0.00575387	0.975752	478410	5	0	3144000	3	2	1	0
normal	boundary	taskil	bufcur	taskid	global	0.001	42	val	0.976571	0.00658646	0.211035	0.0112513	0.0112513	0.0112513	0.976571	478410	5	0	3144000	3	2	1	0
normal	boundary	taskil	bufcur	taskid	global	0.01	42	val	0.977529	0.00660204	0.211035	0.0731646	0.0731646	0.0731646	0.977529	478410	5	0	3144000	3	2	1	0
normal	boundary	taskil	bufcur	taskid	global	0.1	42	val	0.977016	0.00608543	0.211035	0.0591861	0.0591861	0.0591861	0.977016	478410	5	0	3144000	3	2	1	0
normal	boundary	classil	erown	taskid	neuron	0.0001	42	val	0.907714	0.0728167	0.211035	0.00601203	0.0067396	0.00899334	0.907714	478410	4050	0.0085	3144000	3	2	1	0
normal	boundary	classil	erown	taskid	neuron	0.001	42	val	0.920793	0.0559522	0.211035	0.0384574	0.0418737	0.0587481	0.920793	478410	4050	0.0085	3144000	3	2	1	0
normal	boundary	classil	erown	taskid	neuron	0.01	42	val	0.923707	0.0567032	0.211035	0.153276	0.147244	0.1669	0.923707	478410	4050	0.0085	3144000	3	2	1	0
normal	boundary	classil	erown	taskid	neuron	0.1	42	val	0.844389	0.0877649	0.211035	2.17549	1.92173	0.678615	0.844389	478410	4050	0.0085	3144000	3	2	1	0
normal	boundary	classil	bufcur	taskid	neuron	0.0001	42	val	0.614374	0.0975917	0.211035	0.00437638	0.00477816	0.0104573	0.614374	478410	4050	0.0085	3144000	3	2	1	0
normal	boundary	classil	bufcur	taskid	neuron	0.001	42	val	0.540662	0.0718761	0.211035	0.0275879	0.0299984	0.0673826	0.540662	478410	4050	0.0085	3144000	3	2	1	0
normal	boundary	classil	bufcur	taskid	neuron	0.01	42	val	0.336782	0.1055	0.211035	0.170328	0.174881	0.48502	0.336782	478410	4050	0.0085	3144000	3	2	1	0
normal	boundary	classil	bufcur	taskid	neuron	0.1	42	val	0.254875	0.357058	0.211035	2.93116	3.88544	0.654496	0.254875	478410	4050	0.0085	3144000	3	2	1	0
normal	boundary	taskil	erown	taskid	neuron	0.0001	42	val	0.989886	0.0023451	0.211035	0.00391339	0.00430446	0.00896743	0.989886	478410	4050	0.0085	3144000	3	2	1	0
normal	boundary	taskil	erown	taskid	neuron	0.001	42	val	0.990212	0.00388272	0.211035	0.0289013	0.0321754	0.0786287	0.990212	478410	4050	0.0085	3144000	3	2	1	0
normal	boundary	taskil	erown	taskid	neuron	0.01	42	val	0.990016	0.00391049	0.211035	0.124285	0.116454	0.468643	0.990016	478410	4050	0.0085	3144000	3	2	1	0
normal	boundary	taskil	erown	taskid	neuron	0.1	42	val	0.092733	0.684619	0.211035	nan	nan	nan	0.092733	478410	4050	0.0085	3144000	3	2	1	0
normal	boundary	taskil	bufcur	taskid	neuron	0.0001	42	val	0.976765	0.00571867	0.211035	0.00387786	0.00376433	0.00535773	0.976765	478410	4050	0.0085	3144000	3	2	1	0
normal	boundary	taskil	bufcur	taskid	neuron	0.001	42	val	0.979624	0.00335731	0.211035	0.0255311	0.0266172	0.0460765	0.979624	478410	4050	0.0085	3144000	3	2	1	0
normal	boundary	taskil	bufcur	taskid	neuron	0.01	42	val	0.980783	0.00235662	0.211035	0.174023	0.152433	0.468694	0.980783	478410	4050	0.0085	3144000	3	2	1	0
normal	boundary	taskil	bufcur	taskid	neuron	0.1	42	val	0.932581	0.0288052	0.211035	2.58645	3.19691	0.692418	0.932581	478410	4050	0.0085	3144000	3	2	1	0
normal	boundary	classil	erown	taskid	synapse	0.0001	42	val	0.915647	0.0635664	0.211035	0.00352033	0.00437667	0.00538102	0.915647	478410	2388000	4.9915	3144000	3	2	1	0
normal	boundary	classil	erown	taskid	synapse	0.001	42	val	0.922757	0.0518377	0.211035	0.0132345	0.0165401	0.0185261	0.922757	478410	2388000	4.9915	3144000	3	2	1	0
normal	boundary	classil	erown	taskid	synapse	0.01	42	val	0.901192	0.0585521	0.211035	0.0887831	0.0993289	0.103268	0.901192	478410	2388000	4.9915	3144000	3	2	1	0
normal	boundary	classil	erown	taskid	synapse	0.1	42	val	0.750076	0.135511	0.211035	0.880541	0.379161	1.18518	0.750076	478410	2388000	4.9915	3144000	3	2	1	0
normal	boundary	classil	bufcur	taskid	synapse	0.0001	42	val	0.595916	0.0914606	0.211035	0.00290792	0.00299095	0.00362561	0.595916	478410	2388000	4.9915	3144000	3	2	1	0
normal	boundary	classil	bufcur	taskid	synapse	0.001	42	val	0.516122	0.0465532	0.211035	0.017907	0.0192415	0.0229352	0.516122	478410	2388000	4.9915	3144000	3	2	1	0
normal	boundary	classil	bufcur	taskid	synapse	0.01	42	val	0.398844	0.0204145	0.211035	0.0977188	0.0975762	0.118685	0.398844	478410	2388000	4.9915	3144000	3	2	1	0
normal	boundary	classil	bufcur	taskid	synapse	0.1	42	val	0.28131	0.180142	0.211035	1.31788	0.65173	0.888906	0.28131	478410	2388000	4.9915	3144000	3	2	1	0
normal	boundary	taskil	erown	taskid	synapse	0.0001	42	val	0.9897	0.00405627	0.211035	0.00161675	0.00179501	0.00248266	0.9897	478410	2388000	4.9915	3144000	3	2	1	0
normal	boundary	taskil	erown	taskid	synapse	0.001	42	val	0.989038	0.00389085	0.211035	0.00954714	0.011214	0.0180186	0.989038	478410	2388000	4.9915	3144000	3	2	1	0
normal	boundary	taskil	erown	taskid	synapse	0.01	42	val	0.981858	0.00636128	0.211035	0.0959041	0.0822776	0.118933	0.981858	478410	2388000	4.9915	3144000	3	2	1	0
normal	boundary	taskil	erown	taskid	synapse	0.1	42	val	0.092733	0.677858	0.211035	nan	nan	nan	0.092733	478410	2388000	4.9915	3144000	3	2	1	0
normal	boundary	taskil	bufcur	taskid	synapse	0.0001	42	val	0.979619	0.00319188	0.211035	0.00272925	0.00262588	0.00327152	0.979619	478410	2388000	4.9915	3144000	3	2	1	0
normal	boundary	taskil	bufcur	taskid	synapse	0.001	42	val	0.979956	0.00318443	0.211035	0.0153391	0.0158627	0.0201766	0.979956	478410	2388000	4.9915	3144000	3	2	1	0
normal	boundary	taskil	bufcur	taskid	synapse	0.01	42	val	0.980061	0.00282228	0.211035	0.0985968	0.0929895	0.117938	0.980061	478410	2388000	4.9915	3144000	3	2	1	0
normal	boundary	taskil	bufcur	taskid	synapse	0.1	42	val	0.937673	0.0346054	0.211035	1.05402	0.42729	0.725864	0.937673	478410	2388000	4.9915	3144000	3	2	1	0
normal	boundary	classil	erown	ach	global	0.0001	42	val	0.892341	0.0920247	0.288048	0.00264516	0.00264516	0.00264516	0.892341	478410	25154	0.0526	3144000	3	2	1	0
normal	boundary	classil	erown	ach	global	0.001	42	val	0.894147	0.090382	0.301884	0.0266433	0.0266433	0.0266433	0.894147	478410	25154	0.0526	3144000	3	2	1	0
normal	boundary	classil	erown	ach	global	0.01	42	val	0.881829	0.104199	0.234372	0.0846072	0.0846072	0.0846072	0.881829	478410	25154	0.0526	3144000	3	2	1	0
normal	boundary	classil	erown	ach	global	0.1	42	val	0.850913	0.139796	0.211035	0.0464542	0.0464542	0.0464542	0.850913	478410	25154	0.0526	3144000	3	2	1	0
normal	boundary	classil	bufcur	ach	global	0.0001	42	val	0.611791	0.0746073	0.291549	0.0319288	0.0319288	0.0319288	0.611791	478410	25154	0.0526	3144000	3	2	1	0
normal	boundary	classil	bufcur	ach	global	0.001	42	val	0.468004	0.0252459	0.335056	0.0849197	0.0849197	0.0849197	0.468004	478410	25154	0.0526	3144000	3	2	1	0
normal	boundary	classil	bufcur	ach	global	0.01	42	val	0.378225	0.0126955	0.335723	0.0308594	0.0308594	0.0308594	0.378225	478410	25154	0.0526	3144000	3	2	1	0
normal	boundary	classil	bufcur	ach	global	0.1	42	val	0.399392	0.0169993	0.211035	0.0343995	0.0343995	0.0343995	0.399392	478410	25154	0.0526	3144000	3	2	1	0
normal	boundary	taskil	erown	ach	global	0.0001	42	val	0.990872	0.00372067	0.326554	0.0136316	0.0136316	0.0136316	0.990872	478410	25154	0.0526	3144000	3	2	1	0
normal	boundary	taskil	erown	ach	global	0.001	42	val	0.991877	0.00271592	0.320387	0.0750743	0.0750743	0.0750743	0.991877	478410	25154	0.0526	3144000	3	2	1	0
normal	boundary	taskil	erown	ach	global	0.01	42	val	0.992909	0.00151797	0.360393	0.149745	0.149745	0.149745	0.992909	478410	25154	0.0526	3144000	3	2	1	0
normal	boundary	taskil	erown	ach	global	0.1	42	val	0.99391	0.00101356	0.211035	0.187952	0.187952	0.187952	0.99391	478410	25154	0.0526	3144000	3	2	1	0
normal	boundary	taskil	bufcur	ach	global	0.0001	42	val	0.977435	0.0052224	0.284881	0.0179392	0.0179392	0.0179392	0.977435	478410	25154	0.0526	3144000	3	2	1	0
normal	boundary	taskil	bufcur	ach	global	0.001	42	val	0.97894	0.00437562	0.293049	0.0372965	0.0372965	0.0372965	0.97894	478410	25154	0.0526	3144000	3	2	1	0
normal	boundary	taskil	bufcur	ach	global	0.01	42	val	0.979393	0.0033817	0.314219	0.0149409	0.0149409	0.0149409	0.979393	478410	25154	0.0526	3144000	3	2	1	0
normal	boundary	taskil	bufcur	ach	global	0.1	42	val	0.980785	0.00235324	0.211035	0.0725483	0.0725483	0.0725483	0.980785	478410	25154	0.0526	3144000	3	2	1	0
normal	boundary	classil	erown	ach	neuron	0.0001	42	val	0.893893	0.0904776	0.282714	0.000838187	0.000819857	0.000843499	0.893893	478410	25963	0.0543	3144000	3	2	1	0
normal	boundary	classil	erown	ach	neuron	0.001	42	val	0.899887	0.0831354	0.291215	0.00764207	0.00772983	0.00883278	0.899887	478410	25963	0.0543	3144000	3	2	1	0
normal	boundary	classil	erown	ach	neuron	0.01	42	val	0.909698	0.0688396	0.273879	0.0311736	0.0351489	0.0493466	0.909698	478410	25963	0.0543	3144000	3	2	1	0
normal	boundary	classil	erown	ach	neuron	0.1	42	val	0.913639	0.0679114	0.211035	0.0258643	0.0303	0.0467079	0.913639	478410	25963	0.0543	3144000	3	2	1	0
normal	boundary	classil	bufcur	ach	neuron	0.0001	42	val	0.603399	0.0743022	0.289215	0.0178695	0.0206372	0.0260465	0.603399	478410	25963	0.0543	3144000	3	2	1	0
normal	boundary	classil	bufcur	ach	neuron	0.001	42	val	0.4549	0.0272979	0.323721	0.0647883	0.0728019	0.104529	0.4549	478410	25963	0.0543	3144000	3	2	1	0
normal	boundary	classil	bufcur	ach	neuron	0.01	42	val	0.367841	0.039758	0.284381	0.0656288	0.0727382	0.115277	0.367841	478410	25963	0.0543	3144000	3	2	1	0
normal	boundary	classil	bufcur	ach	neuron	0.1	42	val	0.310255	0.264174	0.211035	0.0476482	0.038641	0.0824423	0.310255	478410	25963	0.0543	3144000	3	2	1	0
normal	boundary	taskil	erown	ach	neuron	0.0001	42	val	0.990537	0.00422508	0.309385	0.00315231	0.00491175	0.00782124	0.990537	478410	25963	0.0543	3144000	3	2	1	0
normal	boundary	taskil	erown	ach	neuron	0.001	42	val	0.990364	0.00423321	0.305884	0.0229422	0.037314	0.0614685	0.990364	478410	25963	0.0543	3144000	3	2	1	0
normal	boundary	taskil	erown	ach	neuron	0.01	42	val	0.990543	0.0038834	0.302217	0.0614656	0.0936721	0.197167	0.990543	478410	25963	0.0543	3144000	3	2	1	0
normal	boundary	taskil	erown	ach	neuron	0.1	42	val	0.98846	0.0053106	0.211035	0.142065	0.179037	0.663613	0.98846	478410	25963	0.0543	3144000	3	2	1	0
normal	boundary	taskil	bufcur	ach	neuron	0.0001	42	val	0.977956	0.00470172	0.287548	0.00803952	0.0102628	0.0164162	0.977956	478410	25963	0.0543	3144000	3	2	1	0
normal	boundary	taskil	bufcur	ach	neuron	0.001	42	val	0.981992	0.000661704	0.278213	0.0348243	0.0431057	0.0701433	0.981992	478410	25963	0.0543	3144000	3	2	1	0
normal	boundary	taskil	bufcur	ach	neuron	0.01	42	val	0.982935	0.00105353	0.246208	0.0799903	0.0816207	0.101518	0.982935	478410	25963	0.0543	3144000	3	2	1	0
normal	boundary	taskil	bufcur	ach	neuron	0.1	42	val	0.968895	0.0113413	0.211035	0.0345737	0.0367303	0.0637069	0.968895	478410	25963	0.0543	3144000	3	2	1	0
normal	boundary	classil	erown	ach	synapse	0.0001	42	val	0.898826	0.0848751	0.285048	0.000510426	0.000558238	0.000770062	0.898826	478410	502753	1.0509	3144000	3	2	1	0
normal	boundary	classil	erown	ach	synapse	0.001	42	val	0.90858	0.0694458	0.304384	0.0025358	0.00341344	0.00619662	0.90858	478410	502753	1.0509	3144000	3	2	1	0
normal	boundary	classil	erown	ach	synapse	0.01	42	val	0.90903	0.0653825	0.273879	0.0100287	0.0147916	0.0312276	0.90903	478410	502753	1.0509	3144000	3	2	1	0
normal	boundary	classil	erown	ach	synapse	0.1	42	val	0.908919	0.0577236	0.211035	0.0220235	0.0218911	0.0523512	0.908919	478410	502753	1.0509	3144000	3	2	1	0
normal	boundary	classil	bufcur	ach	synapse	0.0001	42	val	0.540056	0.058619	0.275546	0.00944297	0.0101162	0.0102636	0.540056	478410	502753	1.0509	3144000	3	2	1	0
normal	boundary	classil	bufcur	ach	synapse	0.001	42	val	0.349435	0.0211391	0.312885	0.0181305	0.0213387	0.0186462	0.349435	478410	502753	1.0509	3144000	3	2	1	0
normal	boundary	classil	bufcur	ach	synapse	0.01	42	val	0.337689	0.00876596	0.271879	0.0411922	0.0571259	0.0571344	0.337689	478410	502753	1.0509	3144000	3	2	1	0
normal	boundary	classil	bufcur	ach	synapse	0.1	42	val	0.356393	0.180229	0.211035	0.0207769	0.0196472	0.0341481	0.356393	478410	502753	1.0509	3144000	3	2	1	0
normal	boundary	taskil	erown	ach	synapse	0.0001	42	val	0.990529	0.00373287	0.308385	0.00152848	0.00190557	0.00258798	0.990529	478410	502753	1.0509	3144000	3	2	1	0
normal	boundary	taskil	erown	ach	synapse	0.001	42	val	0.989337	0.00458845	0.30255	0.0100724	0.0131111	0.0188124	0.989337	478410	502753	1.0509	3144000	3	2	1	0
normal	boundary	taskil	erown	ach	synapse	0.01	42	val	0.987195	0.00554985	0.312219	0.0354469	0.0403084	0.0598481	0.987195	478410	502753	1.0509	3144000	3	2	1	0
normal	boundary	taskil	erown	ach	synapse	0.1	42	val	0.975649	0.0111091	0.211035	0.0297284	0.0222178	0.0274768	0.975649	478410	502753	1.0509	3144000	3	2	1	0
normal	boundary	taskil	bufcur	ach	synapse	0.0001	42	val	0.982001	0.000330852	0.278213	0.00499963	0.00604269	0.0061785	0.982001	478410	502753	1.0509	3144000	3	2	1	0
normal	boundary	taskil	bufcur	ach	synapse	0.001	42	val	0.9795	0.00282566	0.270045	0.0181495	0.0229744	0.0222447	0.9795	478410	502753	1.0509	3144000	3	2	1	0
normal	boundary	taskil	bufcur	ach	synapse	0.01	42	val	0.979277	0.00394842	0.296383	0.0195464	0.026651	0.032827	0.979277	478410	502753	1.0509	3144000	3	2	1	0
normal	boundary	taskil	bufcur	ach	synapse	0.1	42	val	0.974503	0.0106883	0.211035	0.00201465	0.00175352	0.00373703	0.974503	478410	502753	1.0509	3144000	3	2	1	0
normal	boundary	classil	erown	nerisez	global	0.0001	42	val	0.893047	0.0916532	0.278046	0.00713744	0.00713744	0.00713744	0.893047	478410	25154	0.0526	3144000	3	2	1	0
normal	boundary	classil	erown	nerisez	global	0.001	42	val	0.894442	0.090087	0.280713	0.133631	0.133631	0.133631	0.894442	478410	25154	0.0526	3144000	3	2	1	0
normal	boundary	classil	erown	nerisez	global	0.01	42	val	0.880002	0.107697	0.294716	0.419553	0.419553	0.419553	0.880002	478410	25154	0.0526	3144000	3	2	1	0
normal	boundary	classil	erown	nerisez	global	0.1	42	val	0.092733	0	0.187698	nan	nan	nan	0.092733	478410	25154	0.0526	3144000	3	2	1	0
normal	boundary	classil	bufcur	nerisez	global	0.0001	42	val	0.612919	0.0761068	0.308385	0.00380049	0.00380049	0.00380049	0.612919	478410	25154	0.0526	3144000	3	2	1	0
normal	boundary	classil	bufcur	nerisez	global	0.001	42	val	0.472539	0.0199889	0.264544	0.0152512	0.0152512	0.0152512	0.472539	478410	25154	0.0526	3144000	3	2	1	0
normal	boundary	classil	bufcur	nerisez	global	0.01	42	val	0.425137	0.0163776	0.251709	0.0225732	0.0225732	0.0225732	0.425137	478410	25154	0.0526	3144000	3	2	1	0
normal	boundary	classil	bufcur	nerisez	global	0.1	42	val	0.107267	0	0.211035	0	0	0	0.107267	478410	25154	0.0526	3144000	3	2	1	0
normal	boundary	taskil	erown	nerisez	global	0.0001	42	val	0.990872	0.00355525	0.274879	0.00469282	0.00469282	0.00469282	0.990872	478410	25154	0.0526	3144000	3	2	1	0
normal	boundary	taskil	erown	nerisez	global	0.001	42	val	0.991542	0.00305084	0.293549	0.0449654	0.0449654	0.0449654	0.991542	478410	25154	0.0526	3144000	3	2	1	0
normal	boundary	taskil	erown	nerisez	global	0.01	42	val	0.993422	0.000844072	0.331055	0.141489	0.141489	0.141489	0.993422	478410	25154	0.0526	3144000	3	2	1	0
normal	boundary	taskil	erown	nerisez	global	0.1	42	val	0.092733	0	0.187698	nan	nan	nan	0.092733	478410	25154	0.0526	3144000	3	2	1	0
normal	boundary	taskil	bufcur	nerisez	global	0.0001	42	val	0.976931	0.0057268	0.29755	0.00483399	0.00483399	0.00483399	0.976931	478410	25154	0.0526	3144000	3	2	1	0
normal	boundary	taskil	bufcur	nerisez	global	0.001	42	val	0.978912	0.00405967	0.26071	0.0109431	0.0109431	0.0109431	0.978912	478410	25154	0.0526	3144000	3	2	1	0
normal	boundary	taskil	bufcur	nerisez	global	0.01	42	val	0.978743	0.00422916	0.251209	0.0128114	0.0128114	0.0128114	0.978743	478410	25154	0.0526	3144000	3	2	1	0
normal	boundary	taskil	bufcur	nerisez	global	0.1	42	val	0.092733	0.196092	0.187698	nan	nan	nan	0.092733	478410	25154	0.0526	3144000	3	2	1	0
normal	boundary	classil	erown	nerisez	neuron	0.0001	42	val	0.893912	0.090458	0.274546	0.00219665	0.00217651	0.00194287	0.893912	478410	25963	0.0543	3144000	3	2	1	0
normal	boundary	classil	erown	nerisez	neuron	0.001	42	val	0.902366	0.0798413	0.279047	0.0333893	0.0340219	0.0419586	0.902366	478410	25963	0.0543	3144000	3	2	1	0
normal	boundary	classil	erown	nerisez	neuron	0.01	42	val	0.91497	0.0640837	0.250708	0.0950879	0.111203	0.132826	0.91497	478410	25963	0.0543	3144000	3	2	1	0
normal	boundary	classil	erown	nerisez	neuron	0.1	42	val	0.092733	0	0.187698	nan	nan	nan	0.092733	478410	25963	0.0543	3144000	3	2	1	0
normal	boundary	classil	bufcur	nerisez	neuron	0.0001	42	val	0.604034	0.0745809	0.306551	0.00231595	0.00295021	0.00854226	0.604034	478410	25963	0.0543	3144000	3	2	1	0
normal	boundary	classil	bufcur	nerisez	neuron	0.001	42	val	0.430265	0.0127006	0.27838	0.00855795	0.0113652	0.0428124	0.430265	478410	25963	0.0543	3144000	3	2	1	0
normal	boundary	classil	bufcur	nerisez	neuron	0.01	42	val	0.425693	0.111012	0.279547	0.0120824	0.0162106	0.081179	0.425693	478410	25963	0.0543	3144000	3	2	1	0
normal	boundary	classil	bufcur	nerisez	neuron	0.1	42	val	0.092733	0.0017762	0.187698	nan	nan	nan	0.092733	478410	25963	0.0543	3144000	3	2	1	0
normal	boundary	taskil	erown	nerisez	neuron	0.0001	42	val	0.990703	0.00372474	0.274212	0.00108883	0.00158684	0.00236491	0.990703	478410	25963	0.0543	3144000	3	2	1	0
normal	boundary	taskil	erown	nerisez	neuron	0.001	42	val	0.990364	0.00406372	0.278713	0.0141338	0.0218796	0.033754	0.990364	478410	25963	0.0543	3144000	3	2	1	0
normal	boundary	taskil	erown	nerisez	neuron	0.01	42	val	0.990878	0.00286577	0.27788	0.0365399	0.0570692	0.152005	0.990878	478410	25963	0.0543	3144000	3	2	1	0
normal	boundary	taskil	erown	nerisez	neuron	0.1	42	val	0.092733	0	0.187698	nan	nan	nan	0.092733	478410	25963	0.0543	3144000	3	2	1	0
normal	boundary	taskil	bufcur	nerisez	neuron	0.0001	42	val	0.977609	0.00504884	0.29855	0.00244793	0.00345711	0.00645749	0.977609	478410	25963	0.0543	3144000	3	2	1	0
normal	boundary	taskil	bufcur	nerisez	neuron	0.001	42	val	0.978617	0.00404002	0.259377	0.00680064	0.0110968	0.0352162	0.978617	478410	25963	0.0543	3144000	3	2	1	0
normal	boundary	taskil	bufcur	nerisez	neuron	0.01	42	val	0.974561	0.0116415	0.228871	0.0690109	0.0602082	0.200123	0.974561	478410	25963	0.0543	3144000	3	2	1	0
normal	boundary	taskil	bufcur	nerisez	neuron	0.1	42	val	0.092733	0	0.187698	nan	nan	nan	0.092733	478410	25963	0.0543	3144000	3	2	1	0
normal	boundary	classil	erown	nerisez	synapse	0.0001	42	val	0.898144	0.085892	0.276046	0.00135842	0.00151669	0.00204062	0.898144	478410	502753	1.0509	3144000	3	2	1	0
normal	boundary	classil	erown	nerisez	synapse	0.001	42	val	0.909565	0.0674796	0.275879	0.00918862	0.0128976	0.0256224	0.909565	478410	502753	1.0509	3144000	3	2	1	0
normal	boundary	classil	erown	nerisez	synapse	0.01	42	val	0.910158	0.0647311	0.271545	0.032846	0.0535826	0.142714	0.910158	478410	502753	1.0509	3144000	3	2	1	0
normal	boundary	classil	erown	nerisez	synapse	0.1	42	val	0.092733	0	0.187698	nan	nan	nan	0.092733	478410	502753	1.0509	3144000	3	2	1	0
normal	boundary	classil	bufcur	nerisez	synapse	0.0001	42	val	0.544217	0.0546309	0.309718	0.00148037	0.00175324	0.00370041	0.544217	478410	502753	1.0509	3144000	3	2	1	0
normal	boundary	classil	bufcur	nerisez	synapse	0.001	42	val	0.399932	0.0116643	0.286548	0.0031533	0.0048378	0.0113689	0.399932	478410	502753	1.0509	3144000	3	2	1	0
normal	boundary	classil	bufcur	nerisez	synapse	0.01	42	val	0.29555	0.0304043	0.285381	0.00922003	0.0101642	0.0425194	0.29555	478410	502753	1.0509	3144000	3	2	1	0
normal	boundary	classil	bufcur	nerisez	synapse	0.1	42	val	0.092733	0	0.187698	nan	nan	nan	0.092733	478410	502753	1.0509	3144000	3	2	1	0
normal	boundary	taskil	erown	nerisez	synapse	0.0001	42	val	0.990529	0.00406778	0.271045	0.000478018	0.000550932	0.000752682	0.990529	478410	502753	1.0509	3144000	3	2	1	0
normal	boundary	taskil	erown	nerisez	synapse	0.001	42	val	0.990177	0.00408404	0.27788	0.00592891	0.00723019	0.010371	0.990177	478410	502753	1.0509	3144000	3	2	1	0
normal	boundary	taskil	erown	nerisez	synapse	0.01	42	val	0.989176	0.00389423	0.27738	0.0127503	0.0152314	0.0482986	0.989176	478410	502753	1.0509	3144000	3	2	1	0
normal	boundary	taskil	erown	nerisez	synapse	0.1	42	val	0.092733	0	0.187698	nan	nan	nan	0.092733	478410	502753	1.0509	3144000	3	2	1	0
normal	boundary	taskil	bufcur	nerisez	synapse	0.0001	42	val	0.977976	0.0045241	0.29855	0.00163013	0.00210233	0.00288537	0.977976	478410	502753	1.0509	3144000	3	2	1	0
normal	boundary	taskil	bufcur	nerisez	synapse	0.001	42	val	0.982704	0.00118712	0.264044	0.0031011	0.00484173	0.00958707	0.982704	478410	502753	1.0509	3144000	3	2	1	0
normal	boundary	taskil	bufcur	nerisez	synapse	0.01	42	val	0.981935	0.00149696	0.317053	0.00696815	0.00708959	0.0258477	0.981935	478410	502753	1.0509	3144000	3	2	1	0
normal	boundary	taskil	bufcur	nerisez	synapse	0.1	42	val	0.092733	0	0.187698	nan	nan	nan	0.092733	478410	502753	1.0509	3144000	3	2	1	0
normal	boundary	classil	erown	vecproj	global	0.0001	42	val	0.903511	0.0773584	0.673446	0.0266738	0.0266738	0.0266738	0.903511	478410	32	0.0001	3144000	3	2	1	0
normal	boundary	classil	erown	vecproj	global	0.001	42	val	0.902974	0.0780655	0.673446	0.232054	0.232054	0.232054	0.902974	478410	32	0.0001	3144000	3	2	1	0
normal	boundary	classil	erown	vecproj	global	0.01	42	val	0.896663	0.0873765	0.673446	1.28504	1.28504	1.28504	0.896663	478410	32	0.0001	3144000	3	2	1	0
normal	boundary	classil	erown	vecproj	global	0.1	42	val	0.827207	0.159176	0.673446	57.1788	57.1788	57.1788	0.827207	478410	32	0.0001	3144000	3	2	1	0
normal	boundary	classil	bufcur	vecproj	global	0.0001	42	val	0.621837	0.0997541	0.673446	0.0236745	0.0236745	0.0236745	0.621837	478410	32	0.0001	3144000	3	2	1	0
normal	boundary	classil	bufcur	vecproj	global	0.001	42	val	0.608409	0.0682683	0.673446	0.187101	0.187101	0.187101	0.608409	478410	32	0.0001	3144000	3	2	1	0
normal	boundary	classil	bufcur	vecproj	global	0.01	42	val	0.482322	0.0251275	0.673446	0.548648	0.548648	0.548648	0.482322	478410	32	0.0001	3144000	3	2	1	0
normal	boundary	classil	bufcur	vecproj	global	0.1	42	val	0.403857	0.0130729	0.673446	723.402	723.402	723.402	0.403857	478410	32	0.0001	3144000	3	2	1	0
normal	boundary	taskil	erown	vecproj	global	0.0001	42	val	0.989882	0.00217967	0.673446	0.019406	0.019406	0.019406	0.989882	478410	32	0.0001	3144000	3	2	1	0
normal	boundary	taskil	erown	vecproj	global	0.001	42	val	0.99056	0.0016712	0.673446	0.176998	0.176998	0.176998	0.99056	478410	32	0.0001	3144000	3	2	1	0
normal	boundary	taskil	erown	vecproj	global	0.01	42	val	0.991391	0.000839324	0.673446	1.23019	1.23019	1.23019	0.991391	478410	32	0.0001	3144000	3	2	1	0
normal	boundary	taskil	erown	vecproj	global	0.1	42	val	0.991066	0.00186915	0.673446	122.753	122.753	122.753	0.991066	478410	32	0.0001	3144000	3	2	1	0
normal	boundary	taskil	bufcur	vecproj	global	0.0001	42	val	0.975405	0.00708274	0.673446	0.0218072	0.0218072	0.0218072	0.975405	478410	32	0.0001	3144000	3	2	1	0
normal	boundary	taskil	bufcur	vecproj	global	0.001	42	val	0.975752	0.00725223	0.673446	0.132651	0.132651	0.132651	0.975752	478410	32	0.0001	3144000	3	2	1	0
normal	boundary	taskil	bufcur	vecproj	global	0.01	42	val	0.976548	0.00692882	0.673446	0.482454	0.482454	0.482454	0.976548	478410	32	0.0001	3144000	3	2	1	0
normal	boundary	taskil	bufcur	vecproj	global	0.1	42	val	0.977012	0.00659797	0.673446	44.0297	44.0297	44.0297	0.977012	478410	32	0.0001	3144000	3	2	1	0
normal	boundary	classil	erown	vecproj	neuron	0.0001	42	val	0.904667	0.0763726	0.673446	0.0234881	0.0255634	0.0323082	0.904667	478410	25920	0.0542	3144000	3	2	1	0
normal	boundary	classil	erown	vecproj	neuron	0.001	42	val	0.907396	0.0729623	0.673446	0.175403	0.195565	0.287308	0.907396	478410	25920	0.0542	3144000	3	2	1	0
normal	boundary	classil	erown	vecproj	neuron	0.01	42	val	0.921159	0.055738	0.673446	0.911401	0.881519	1.6762	0.921159	478410	25920	0.0542	3144000	3	2	1	0
normal	boundary	classil	erown	vecproj	neuron	0.1	42	val	0.915149	0.0629677	0.673446	1.5444e+08	3.66741e+08	331.138	0.915149	478410	25920	0.0542	3144000	3	2	1	0
normal	boundary	classil	bufcur	vecproj	neuron	0.0001	42	val	0.620884	0.10526	0.673446	0.0160893	0.0181037	0.0311655	0.620884	478410	25920	0.0542	3144000	3	2	1	0
normal	boundary	classil	bufcur	vecproj	neuron	0.001	42	val	0.617866	0.107292	0.673446	0.15098	0.168795	0.246076	0.617866	478410	25920	0.0542	3144000	3	2	1	0
normal	boundary	classil	bufcur	vecproj	neuron	0.01	42	val	0.584537	0.132205	0.673446	2.38933	4.63532	1.28827	0.584537	478410	25920	0.0542	3144000	3	2	1	0
normal	boundary	classil	bufcur	vecproj	neuron	0.1	42	val	0.369012	0.209195	0.673446	9.73147e+21	2.91656e+18	6662.71	0.369012	478410	25920	0.0542	3144000	3	2	1	0
normal	boundary	taskil	erown	vecproj	neuron	0.0001	42	val	0.989716	0.0023451	0.673446	0.0204916	0.0197162	0.0213654	0.989716	478410	25920	0.0542	3144000	3	2	1	0
normal	boundary	taskil	erown	vecproj	neuron	0.001	42	val	0.98953	0.00286983	0.673446	0.180059	0.176946	0.192169	0.98953	478410	25920	0.0542	3144000	3	2	1	0
normal	boundary	taskil	erown	vecproj	neuron	0.01	42	val	0.990039	0.00422576	0.673446	0.88159	0.823548	1.601	0.990039	478410	25920	0.0542	3144000	3	2	1	0
normal	boundary	taskil	erown	vecproj	neuron	0.1	42	val	0.9904	0.00419257	0.673446	1.37652e+08	116093	1.48453e+06	0.9904	478410	25920	0.0542	3144000	3	2	1	0
normal	boundary	taskil	bufcur	vecproj	neuron	0.0001	42	val	0.975571	0.0065702	0.673446	0.0134628	0.0140836	0.0211085	0.975571	478410	25920	0.0542	3144000	3	2	1	0
normal	boundary	taskil	bufcur	vecproj	neuron	0.001	42	val	0.976781	0.00621902	0.673446	0.126992	0.13486	0.188089	0.976781	478410	25920	0.0542	3144000	3	2	1	0
normal	boundary	taskil	bufcur	vecproj	neuron	0.01	42	val	0.981839	0.00182782	0.673446	1.45457	2.05206	2.214	0.981839	478410	25920	0.0542	3144000	3	2	1	0
normal	boundary	taskil	bufcur	vecproj	neuron	0.1	42	val	0.981699	0.00198852	0.673446	3.83313e+12	1.60186e+17	25946.1	0.981699	478410	25920	0.0542	3144000	3	2	1	0
normal	boundary	classil	erown	vecproj	synapse	0.0001	42	val	0.904783	0.0759169	0.673446	0.0135013	0.0153134	0.0199474	0.904783	478410	15283200	31.9458	3144000	3	2	1	0
normal	boundary	classil	erown	vecproj	synapse	0.001	42	val	0.914878	0.0621948	0.673446	0.066232	0.0774428	0.119838	0.914878	478410	15283200	31.9458	3144000	3	2	1	0
normal	boundary	classil	erown	vecproj	synapse	0.01	42	val	0.921749	0.0520179	0.673446	0.332875	0.362579	0.538361	0.921749	478410	15283200	31.9458	3144000	3	2	1	0
normal	boundary	classil	erown	vecproj	synapse	0.1	42	val	0.912903	0.0448192	0.673446	2.36494e+12	2.50339e+09	1.10383e+14	0.912903	478410	15283200	31.9458	3144000	3	2	1	0
normal	boundary	classil	bufcur	vecproj	synapse	0.0001	42	val	0.616171	0.107034	0.673446	0.0104708	0.0110445	0.0138115	0.616171	478410	15283200	31.9458	3144000	3	2	1	0
normal	boundary	classil	bufcur	vecproj	synapse	0.001	42	val	0.596591	0.096027	0.673446	0.0821443	0.0911422	0.117674	0.596591	478410	15283200	31.9458	3144000	3	2	1	0
normal	boundary	classil	bufcur	vecproj	synapse	0.01	42	val	0.51369	0.0600267	0.673446	0.612452	0.709603	1.34549	0.51369	478410	15283200	31.9458	3144000	3	2	1	0
normal	boundary	classil	bufcur	vecproj	synapse	0.1	42	val	0.464583	0.165971	0.673446	2.07538e+15	2.09874e+13	2.37981e+11	0.464583	478410	15283200	31.9458	3144000	3	2	1	0
normal	boundary	taskil	erown	vecproj	synapse	0.0001	42	val	0.989708	0.00252272	0.673446	0.00897478	0.0076521	0.00981091	0.989708	478410	15283200	31.9458	3144000	3	2	1	0
normal	boundary	taskil	erown	vecproj	synapse	0.001	42	val	0.989882	0.00387459	0.673446	0.0367512	0.0328555	0.0522622	0.989882	478410	15283200	31.9458	3144000	3	2	1	0
normal	boundary	taskil	erown	vecproj	synapse	0.01	42	val	0.989719	0.00370916	0.673446	0.168901	0.155021	0.314198	0.989719	478410	15283200	31.9458	3144000	3	2	1	0
normal	boundary	taskil	erown	vecproj	synapse	0.1	42	val	0.983337	0.00225013	0.673446	6.59225e+11	8.80457e+07	9.22284e+10	0.983337	478410	15283200	31.9458	3144000	3	2	1	0
normal	boundary	taskil	bufcur	vecproj	synapse	0.0001	42	val	0.976261	0.00622308	0.673446	0.00910846	0.00872885	0.0110547	0.976261	478410	15283200	31.9458	3144000	3	2	1	0
normal	boundary	taskil	bufcur	vecproj	synapse	0.001	42	val	0.981673	0.00132747	0.673446	0.0670692	0.0674738	0.0888797	0.981673	478410	15283200	31.9458	3144000	3	2	1	0
normal	boundary	taskil	bufcur	vecproj	synapse	0.01	42	val	0.979832	0.00101831	0.673446	0.511604	0.531215	0.816808	0.979832	478410	15283200	31.9458	3144000	3	2	1	0
normal	boundary	taskil	bufcur	vecproj	synapse	0.1	42	val	0.97351	0.00604951	0.673446	9.15437e+18	1.39937e+17	4.34517e+13	0.97351	478410	15283200	31.9458	3144000	3	2	1	0
normal	boundary	taskil	erown	taskid	global	0.01	42	test	0.9953	0.00221184	0.2115	0.409851	0.409851	0.409851	0.9953	478410	5	0	3144000	3	2	1	0
normal	boundary	taskil	erown	taskid	global	0	42	test	0.994623	0.0023879	0.2115	0	0	0	0.994623	478410	5	0	3144000	3	2	1	0
normal	boundary	taskil	erown	taskid	global	0.01	43	test	0.992939	0.00407128	0.2115	0.435619	0.435619	0.435619	0.992939	478410	5	0	3144000	3	2	1	0
normal	boundary	taskil	erown	taskid	global	0	43	test	0.993953	0.00275148	0.2115	0	0	0	0.993953	478410	5	0	3144000	3	2	1	0
normal	boundary	taskil	erown	taskid	global	0.01	44	test	0.994697	0.00181516	0.2115	0.408431	0.408431	0.408431	0.994697	478410	5	0	3144000	3	2	1	0
normal	boundary	taskil	erown	taskid	global	0	44	test	0.994193	0.00271961	0.2115	0	0	0	0.994193	478410	5	0	3144000	3	2	1	0
normal	step	classil	erown	taskid	global	1e-07	42	test	0.901769	0.0830252	0.2115	7.39098e-05	7.39098e-05	7.39098e-05	0.901769	478410	5	0	3144000	3	2	1	0
normal	step	classil	erown	taskid	global	0	42	test	0.903051	0.0813341	0.2115	0	0	0	0.903051	478410	5	0	3144000	3	2	1	0
normal	step	classil	erown	taskid	global	1e-07	43	test	0.897829	0.0884319	0.2115	7.35521e-05	7.35521e-05	7.35521e-05	0.897829	478410	5	0	3144000	3	2	1	0
normal	step	classil	erown	taskid	global	0	43	test	0.898993	0.086556	0.2115	0	0	0	0.898993	478410	5	0	3144000	3	2	1	0
normal	step	classil	erown	taskid	global	1e-07	44	test	0.901805	0.0849703	0.2115	7.31945e-05	7.31945e-05	7.31945e-05	0.901805	478410	5	0	3144000	3	2	1	0
normal	step	classil	erown	taskid	global	0	44	test	0.903201	0.0824449	0.2115	0	0	0	0.903201	478410	5	0	3144000	3	2	1	0
normal	step	classil	bufcur	taskid	global	1e-07	42	test	0.539616	0.0470492	0.2115	0.000144482	0.000144482	0.000144482	0.539616	478410	5	0	3144000	3	2	1	0
normal	step	classil	bufcur	taskid	global	0	42	test	0.628487	0.124443	0.2115	0	0	0	0.628487	478410	5	0	3144000	3	2	1	0
normal	step	classil	bufcur	taskid	global	1e-07	43	test	0.564454	0.0314396	0.2115	0.000147104	0.000147104	0.000147104	0.564454	478410	5	0	3144000	3	2	1	0
normal	step	classil	bufcur	taskid	global	0	43	test	0.627364	0.144198	0.2115	0	0	0	0.627364	478410	5	0	3144000	3	2	1	0
normal	step	classil	bufcur	taskid	global	1e-07	44	test	0.519699	0.0457421	0.2115	0.000139832	0.000139832	0.000139832	0.519699	478410	5	0	3144000	3	2	1	0
normal	step	classil	bufcur	taskid	global	0	44	test	0.581461	0.124962	0.2115	0	0	0	0.581461	478410	5	0	3144000	3	2	1	0
normal	step	taskil	erown	taskid	global	1e-05	42	test	0.994527	0.00268787	0.2115	0.000528514	0.000528514	0.000528514	0.994527	478410	5	0	3144000	3	2	1	0
normal	step	taskil	erown	taskid	global	0	42	test	0.994035	0.00316267	0.2115	0	0	0	0.994035	478410	5	0	3144000	3	2	1	0
normal	step	taskil	erown	taskid	global	1e-05	43	test	0.992332	0.00407717	0.2115	0.000528514	0.000528514	0.000528514	0.992332	478410	5	0	3144000	3	2	1	0
normal	step	taskil	erown	taskid	global	0	43	test	0.993526	0.00357715	0.2115	0	0	0	0.993526	478410	5	0	3144000	3	2	1	0
normal	step	taskil	erown	taskid	global	1e-05	44	test	0.0926714	0.506059	0.2115	nan	nan	nan	0.0926714	478410	5	0	3144000	3	2	1	0
normal	step	taskil	erown	taskid	global	0	44	test	0.992678	0.00373606	0.2115	0	0	0	0.992678	478410	5	0	3144000	3	2	1	0
normal	step	taskil	bufcur	taskid	global	1e-05	42	test	0.989064	0.000601839	0.2115	0.000937223	0.000937223	0.000937223	0.989064	478410	5	0	3144000	3	2	1	0
normal	step	taskil	bufcur	taskid	global	0	42	test	0.98058	0.00486571	0.2115	0	0	0	0.98058	478410	5	0	3144000	3	2	1	0
normal	step	taskil	bufcur	taskid	global	1e-05	43	test	0.988201	0.00119288	0.2115	0.000584722	0.000584722	0.000584722	0.988201	478410	5	0	3144000	3	2	1	0
normal	step	taskil	bufcur	taskid	global	0	43	test	0.976645	0.00784555	0.2115	0	0	0	0.976645	478410	5	0	3144000	3	2	1	0
normal	step	taskil	bufcur	taskid	global	1e-05	44	test	0.989672	0.000780165	0.2115	0.000896692	0.000896692	0.000896692	0.989672	478410	5	0	3144000	3	2	1	0
normal	step	taskil	bufcur	taskid	global	0	44	test	0.979076	0.00534957	0.2115	0	0	0	0.979076	478410	5	0	3144000	3	2	1	0
normal	boundary	classil	erown	taskid	global	0.001	42	test	0.900164	0.0879767	0.2115	0.114023	0.114023	0.114023	0.900164	478410	5	0	3144000	3	2	1	0
normal	boundary	classil	erown	taskid	global	0	42	test	0.902374	0.0837481	0.2115	0	0	0	0.902374	478410	5	0	3144000	3	2	1	0
normal	boundary	classil	erown	taskid	global	0.001	43	test	0.897438	0.0895313	0.2115	0.114694	0.114694	0.114694	0.897438	478410	5	0	3144000	3	2	1	0
normal	boundary	classil	erown	taskid	global	0	43	test	0.89823	0.0873339	0.2115	0	0	0	0.89823	478410	5	0	3144000	3	2	1	0
normal	boundary	classil	erown	taskid	global	0.001	44	test	0.901198	0.0865138	0.2115	0.114196	0.114196	0.114196	0.901198	478410	5	0	3144000	3	2	1	0
normal	boundary	classil	erown	taskid	global	0	44	test	0.902062	0.0836239	0.2115	0	0	0	0.902062	478410	5	0	3144000	3	2	1	0
normal	boundary	classil	bufcur	taskid	global	0.0001	42	test	0.623488	0.113579	0.2115	0.0121439	0.0121439	0.0121439	0.623488	478410	5	0	3144000	3	2	1	0
normal	boundary	classil	bufcur	taskid	global	0	42	test	0.628424	0.12465	0.2115	0	0	0	0.628424	478410	5	0	3144000	3	2	1	0
normal	boundary	classil	bufcur	taskid	global	0.0001	43	test	0.633686	0.126396	0.2115	0.0110513	0.0110513	0.0110513	0.633686	478410	5	0	3144000	3	2	1	0
normal	boundary	classil	bufcur	taskid	global	0	43	test	0.628256	0.142757	0.2115	0	0	0	0.628256	478410	5	0	3144000	3	2	1	0
normal	boundary	classil	bufcur	taskid	global	0.0001	44	test	0.57812	0.117592	0.2115	0.0112084	0.0112084	0.0112084	0.57812	478410	5	0	3144000	3	2	1	0
normal	boundary	classil	bufcur	taskid	global	0	44	test	0.581151	0.12579	0.2115	0	0	0	0.581151	478410	5	0	3144000	3	2	1	0
normal	boundary	taskil	bufcur	taskid	global	0.01	42	test	0.985376	0.00130513	0.2115	0.0192987	0.0192987	0.0192987	0.985376	478410	5	0	3144000	3	2	1	0
normal	boundary	taskil	bufcur	taskid	global	0	42	test	0.980395	0.00446239	0.2115	0	0	0	0.980395	478410	5	0	3144000	3	2	1	0
normal	boundary	taskil	bufcur	taskid	global	0.01	43	test	0.984616	0.00151795	0.2115	0.0151746	0.0151746	0.0151746	0.984616	478410	5	0	3144000	3	2	1	0
normal	boundary	taskil	bufcur	taskid	global	0	43	test	0.97657	0.00781381	0.2115	0	0	0	0.97657	478410	5	0	3144000	3	2	1	0
normal	boundary	taskil	bufcur	taskid	global	0.01	44	test	0.98347	0.00289118	0.2115	0.0525001	0.0525001	0.0525001	0.98347	478410	5	0	3144000	3	2	1	0
normal	boundary	taskil	bufcur	taskid	global	0	44	test	0.978975	0.00545629	0.2115	0	0	0	0.978975	478410	5	0	3144000	3	2	1	0
normal	step	classil	erown	taskid	neuron	1e-07	42	test	0.902637	0.0820534	0.2115	3.9795e-05	3.97587e-05	4.11749e-05	0.902637	478410	4050	0.0085	3144000	3	2	1	0
normal	step	classil	erown	taskid	neuron	0	42	test	0.903051	0.0813341	0.2115	0	0	0	0.903051	478410	4050	0.0085	3144000	3	2	1	0
normal	step	classil	erown	taskid	neuron	1e-07	43	test	0.898845	0.0871132	0.2115	3.96459e-05	3.80503e-05	4.09126e-05	0.898845	478410	4050	0.0085	3144000	3	2	1	0
normal	step	classil	erown	taskid	neuron	0	43	test	0.898993	0.086556	0.2115	0	0	0	0.898993	478410	4050	0.0085	3144000	3	2	1	0
normal	step	classil	erown	taskid	neuron	1e-07	44	test	0.903403	0.0830701	0.2115	4.23621e-05	4.11418e-05	3.94464e-05	0.903403	478410	4050	0.0085	3144000	3	2	1	0
normal	step	classil	erown	taskid	neuron	0	44	test	0.903201	0.0824449	0.2115	0	0	0	0.903201	478410	4050	0.0085	3144000	3	2	1	0
normal	step	classil	bufcur	taskid	neuron	1e-07	42	test	0.57027	0.100797	0.2115	6.46974e-05	6.34158e-05	0.000124949	0.57027	478410	4050	0.0085	3144000	3	2	1	0
normal	step	classil	bufcur	taskid	neuron	0	42	test	0.628487	0.124443	0.2115	0	0	0	0.628487	478410	4050	0.0085	3144000	3	2	1	0
normal	step	classil	bufcur	taskid	neuron	1e-07	43	test	0.615672	0.0622681	0.2115	6.55113e-05	6.32004e-05	0.000127745	0.615672	478410	4050	0.0085	3144000	3	2	1	0
normal	step	classil	bufcur	taskid	neuron	0	43	test	0.627364	0.144198	0.2115	0	0	0	0.627364	478410	4050	0.0085	3144000	3	2	1	0
normal	step	classil	bufcur	taskid	neuron	1e-07	44	test	0.540549	0.0794688	0.2115	6.38543e-05	6.20924e-05	0.00011754	0.540549	478410	4050	0.0085	3144000	3	2	1	0
normal	step	classil	bufcur	taskid	neuron	0	44	test	0.581461	0.124962	0.2115	0	0	0	0.581461	478410	4050	0.0085	3144000	3	2	1	0
normal	step	taskil	erown	taskid	neuron	1e-06	42	test	0.99462	0.00298108	0.2115	9.35902e-05	0.000107953	0.000398946	0.99462	478410	4050	0.0085	3144000	3	2	1	0
normal	step	taskil	erown	taskid	neuron	0	42	test	0.994035	0.00316267	0.2115	0	0	0	0.994035	478410	4050	0.0085	3144000	3	2	1	0
normal	step	taskil	erown	taskid	neuron	1e-06	43	test	0.993889	0.00282535	0.2115	0.000104371	8.83715e-05	0.000368226	0.993889	478410	4050	0.0085	3144000	3	2	1	0
normal	step	taskil	erown	taskid	neuron	0	43	test	0.993526	0.00357715	0.2115	0	0	0	0.993526	478410	4050	0.0085	3144000	3	2	1	0
normal	step	taskil	erown	taskid	neuron	1e-06	44	test	0.992501	0.00431634	0.2115	9.25866e-05	9.13516e-05	0.000335705	0.992501	478410	4050	0.0085	3144000	3	2	1	0
normal	step	taskil	erown	taskid	neuron	0	44	test	0.992678	0.00373606	0.2115	0	0	0	0.992678	478410	4050	0.0085	3144000	3	2	1	0
normal	step	taskil	bufcur	taskid	neuron	1e-06	42	test	0.986183	0.00290458	0.2115	0.000274249	0.000237631	0.000387424	0.986183	478410	4050	0.0085	3144000	3	2	1	0
normal	step	taskil	bufcur	taskid	neuron	0	42	test	0.98058	0.00486571	0.2115	0	0	0	0.98058	478410	4050	0.0085	3144000	3	2	1	0
normal	step	taskil	bufcur	taskid	neuron	1e-06	43	test	0.984293	0.00449475	0.2115	0.000253682	0.000207905	0.000391978	0.984293	478410	4050	0.0085	3144000	3	2	1	0
normal	step	taskil	bufcur	taskid	neuron	0	43	test	0.976645	0.00784555	0.2115	0	0	0	0.976645	478410	4050	0.0085	3144000	3	2	1	0
normal	step	taskil	bufcur	taskid	neuron	1e-06	44	test	0.983319	0.00506563	0.2115	0.000264787	0.000235851	0.000309378	0.983319	478410	4050	0.0085	3144000	3	2	1	0
normal	step	taskil	bufcur	taskid	neuron	0	44	test	0.979076	0.00534957	0.2115	0	0	0	0.979076	478410	4050	0.0085	3144000	3	2	1	0
normal	boundary	classil	erown	taskid	neuron	0.01	42	test	0.920527	0.0639026	0.2115	0.153197	0.152507	0.149968	0.920527	478410	4050	0.0085	3144000	3	2	1	0
normal	boundary	classil	erown	taskid	neuron	0	42	test	0.902374	0.0837481	0.2115	0	0	0	0.902374	478410	4050	0.0085	3144000	3	2	1	0
normal	boundary	classil	erown	taskid	neuron	0.01	43	test	0.93026	0.0501031	0.2115	0.167399	0.161503	0.172907	0.93026	478410	4050	0.0085	3144000	3	2	1	0
normal	boundary	classil	erown	taskid	neuron	0	43	test	0.89823	0.0873339	0.2115	0	0	0	0.89823	478410	4050	0.0085	3144000	3	2	1	0
normal	boundary	classil	erown	taskid	neuron	0.01	44	test	0.921381	0.0588734	0.2115	0.164027	0.171903	0.184352	0.921381	478410	4050	0.0085	3144000	3	2	1	0
normal	boundary	classil	erown	taskid	neuron	0	44	test	0.902062	0.0836239	0.2115	0	0	0	0.902062	478410	4050	0.0085	3144000	3	2	1	0
normal	boundary	classil	bufcur	taskid	neuron	0.0001	42	test	0.625104	0.113116	0.2115	0.00452603	0.00489426	0.01038	0.625104	478410	4050	0.0085	3144000	3	2	1	0
normal	boundary	classil	bufcur	taskid	neuron	0	42	test	0.628424	0.12465	0.2115	0	0	0	0.628424	478410	4050	0.0085	3144000	3	2	1	0
normal	boundary	classil	bufcur	taskid	neuron	0.0001	43	test	0.636307	0.129635	0.2115	0.00446322	0.0048274	0.00914422	0.636307	478410	4050	0.0085	3144000	3	2	1	0
normal	boundary	classil	bufcur	taskid	neuron	0	43	test	0.628256	0.142757	0.2115	0	0	0	0.628256	478410	4050	0.0085	3144000	3	2	1	0
normal	boundary	classil	bufcur	taskid	neuron	0.0001	44	test	0.572034	0.121727	0.2115	0.00468425	0.00489677	0.00953468	0.572034	478410	4050	0.0085	3144000	3	2	1	0
normal	boundary	classil	bufcur	taskid	neuron	0	44	test	0.581151	0.12579	0.2115	0	0	0	0.581151	478410	4050	0.0085	3144000	3	2	1	0
normal	boundary	taskil	erown	taskid	neuron	0.01	42	test	0.994982	0.00212317	0.2115	0.140859	0.142787	0.508029	0.994982	478410	4050	0.0085	3144000	3	2	1	0
normal	boundary	taskil	erown	taskid	neuron	0	42	test	0.994623	0.0023879	0.2115	0	0	0	0.994623	478410	4050	0.0085	3144000	3	2	1	0
normal	boundary	taskil	erown	taskid	neuron	0.01	43	test	0.99186	0.00343057	0.2115	0.137994	0.148029	0.379532	0.99186	478410	4050	0.0085	3144000	3	2	1	0
normal	boundary	taskil	erown	taskid	neuron	0	43	test	0.993953	0.00275148	0.2115	0	0	0	0.993953	478410	4050	0.0085	3144000	3	2	1	0
normal	boundary	taskil	erown	taskid	neuron	0.01	44	test	0.993481	0.00333926	0.2115	0.156604	0.14592	0.318745	0.993481	478410	4050	0.0085	3144000	3	2	1	0
normal	boundary	taskil	erown	taskid	neuron	0	44	test	0.994193	0.00271961	0.2115	0	0	0	0.994193	478410	4050	0.0085	3144000	3	2	1	0
normal	boundary	taskil	bufcur	taskid	neuron	0.01	42	test	0.981542	0.00219164	0.2115	0.155149	0.150044	0.453229	0.981542	478410	4050	0.0085	3144000	3	2	1	0
normal	boundary	taskil	bufcur	taskid	neuron	0	42	test	0.980395	0.00446239	0.2115	0	0	0	0.980395	478410	4050	0.0085	3144000	3	2	1	0
normal	boundary	taskil	bufcur	taskid	neuron	0.01	43	test	0.981528	0.00381945	0.2115	0.18363	0.197926	0.234944	0.981528	478410	4050	0.0085	3144000	3	2	1	0
normal	boundary	taskil	bufcur	taskid	neuron	0	43	test	0.97657	0.00781381	0.2115	0	0	0	0.97657	478410	4050	0.0085	3144000	3	2	1	0
normal	boundary	taskil	bufcur	taskid	neuron	0.01	44	test	0.983342	0.00138778	0.2115	0.189291	0.156004	0.417088	0.983342	478410	4050	0.0085	3144000	3	2	1	0
normal	boundary	taskil	bufcur	taskid	neuron	0	44	test	0.978975	0.00545629	0.2115	0	0	0	0.978975	478410	4050	0.0085	3144000	3	2	1	0
normal	step	classil	erown	taskid	synapse	1e-06	42	test	0.899158	0.090176	0.2115	7.41005e-05	0.000103825	9.85269e-05	0.899158	478410	2388000	4.9915	3144000	3	2	1	0
normal	step	classil	erown	taskid	synapse	0	42	test	0.903051	0.0813341	0.2115	0	0	0	0.903051	478410	2388000	4.9915	3144000	3	2	1	0
normal	step	classil	erown	taskid	synapse	1e-06	43	test	0.896745	0.0926743	0.2115	8.31793e-05	0.000103686	9.53889e-05	0.896745	478410	2388000	4.9915	3144000	3	2	1	0
normal	step	classil	erown	taskid	synapse	0	43	test	0.898993	0.086556	0.2115	0	0	0	0.898993	478410	2388000	4.9915	3144000	3	2	1	0
normal	step	classil	erown	taskid	synapse	1e-06	44	test	0.900355	0.0912026	0.2115	8.88821e-05	0.000117832	0.00011387	0.900355	478410	2388000	4.9915	3144000	3	2	1	0
normal	step	classil	erown	taskid	synapse	0	44	test	0.903201	0.0824449	0.2115	0	0	0	0.903201	478410	2388000	4.9915	3144000	3	2	1	0
normal	step	classil	bufcur	taskid	synapse	1e-07	42	test	0.589948	0.14215	0.2115	4.41288e-05	4.40592e-05	3.75171e-05	0.589948	478410	2388000	4.9915	3144000	3	2	1	0
normal	step	classil	bufcur	taskid	synapse	0	42	test	0.628487	0.124443	0.2115	0	0	0	0.628487	478410	2388000	4.9915	3144000	3	2	1	0
normal	step	classil	bufcur	taskid	synapse	1e-07	43	test	0.598493	0.11508	0.2115	4.34934e-05	4.20176e-05	4.13688e-05	0.598493	478410	2388000	4.9915	3144000	3	2	1	0
normal	step	classil	bufcur	taskid	synapse	0	43	test	0.627364	0.144198	0.2115	0	0	0	0.627364	478410	2388000	4.9915	3144000	3	2	1	0
normal	step	classil	bufcur	taskid	synapse	1e-07	44	test	0.55766	0.123492	0.2115	4.33085e-05	4.06156e-05	3.83027e-05	0.55766	478410	2388000	4.9915	3144000	3	2	1	0
normal	step	classil	bufcur	taskid	synapse	0	44	test	0.581461	0.124962	0.2115	0	0	0	0.581461	478410	2388000	4.9915	3144000	3	2	1	0
normal	step	taskil	erown	taskid	synapse	1e-06	42	test	0.992448	0.0047413	0.2115	6.41388e-05	8.2681e-05	0.000179183	0.992448	478410	2388000	4.9915	3144000	3	2	1	0
normal	step	taskil	erown	taskid	synapse	0	42	test	0.994035	0.00316267	0.2115	0	0	0	0.994035	478410	2388000	4.9915	3144000	3	2	1	0
normal	step	taskil	erown	taskid	synapse	1e-06	43	test	0.991509	0.00518753	0.2115	6.91654e-05	7.50305e-05	0.000207533	0.991509	478410	2388000	4.9915	3144000	3	2	1	0
normal	step	taskil	erown	taskid	synapse	0	43	test	0.993526	0.00357715	0.2115	0	0	0	0.993526	478410	2388000	4.9915	3144000	3	2	1	0
normal	step	taskil	erown	taskid	synapse	1e-06	44	test	0.992815	0.00419795	0.2115	5.51674e-05	6.44846e-05	0.000191653	0.992815	478410	2388000	4.9915	3144000	3	2	1	0
normal	step	taskil	erown	taskid	synapse	0	44	test	0.992678	0.00373606	0.2115	0	0	0	0.992678	478410	2388000	4.9915	3144000	3	2	1	0
normal	step	taskil	bufcur	taskid	synapse	1e-05	42	test	0.977625	0.00952097	0.2115	0.000289038	0.000168417	0.000391911	0.977625	478410	2388000	4.9915	3144000	3	2	1	0
normal	step	taskil	bufcur	taskid	synapse	0	42	test	0.98058	0.00486571	0.2115	0	0	0	0.98058	478410	2388000	4.9915	3144000	3	2	1	0
normal	step	taskil	bufcur	taskid	synapse	1e-05	43	test	0.979889	0.00662625	0.2115	0.000289015	0.00017932	0.00036098	0.979889	478410	2388000	4.9915	3144000	3	2	1	0
normal	step	taskil	bufcur	taskid	synapse	0	43	test	0.976645	0.00784555	0.2115	0	0	0	0.976645	478410	2388000	4.9915	3144000	3	2	1	0
normal	step	taskil	bufcur	taskid	synapse	1e-05	44	test	0.977674	0.0145487	0.2115	0.000295016	0.000204447	0.00050118	0.977674	478410	2388000	4.9915	3144000	3	2	1	0
normal	step	taskil	bufcur	taskid	synapse	0	44	test	0.979076	0.00534957	0.2115	0	0	0	0.979076	478410	2388000	4.9915	3144000	3	2	1	0
normal	boundary	classil	erown	taskid	synapse	0.001	42	test	0.92561	0.0505978	0.2115	0.013244	0.0159256	0.0162144	0.92561	478410	2388000	4.9915	3144000	3	2	1	0
normal	boundary	classil	erown	taskid	synapse	0	42	test	0.902374	0.0837481	0.2115	0	0	0	0.902374	478410	2388000	4.9915	3144000	3	2	1	0
normal	boundary	classil	erown	taskid	synapse	0.001	43	test	0.92687	0.0483341	0.2115	0.0139337	0.016341	0.0183425	0.92687	478410	2388000	4.9915	3144000	3	2	1	0
normal	boundary	classil	erown	taskid	synapse	0	43	test	0.89823	0.0873339	0.2115	0	0	0	0.89823	478410	2388000	4.9915	3144000	3	2	1	0
normal	boundary	classil	erown	taskid	synapse	0.001	44	test	0.924878	0.048408	0.2115	0.0135672	0.0154413	0.0171501	0.924878	478410	2388000	4.9915	3144000	3	2	1	0
normal	boundary	classil	erown	taskid	synapse	0	44	test	0.902062	0.0836239	0.2115	0	0	0	0.902062	478410	2388000	4.9915	3144000	3	2	1	0
normal	boundary	classil	bufcur	taskid	synapse	0.0001	42	test	0.630139	0.103477	0.2115	0.00329336	0.00329191	0.00381984	0.630139	478410	2388000	4.9915	3144000	3	2	1	0
normal	boundary	classil	bufcur	taskid	synapse	0	42	test	0.628424	0.12465	0.2115	0	0	0	0.628424	478410	2388000	4.9915	3144000	3	2	1	0
normal	boundary	classil	bufcur	taskid	synapse	0.0001	43	test	0.643238	0.109227	0.2115	0.0026891	0.00281077	0.00352199	0.643238	478410	2388000	4.9915	3144000	3	2	1	0
normal	boundary	classil	bufcur	taskid	synapse	0	43	test	0.628256	0.142757	0.2115	0	0	0	0.628256	478410	2388000	4.9915	3144000	3	2	1	0
normal	boundary	classil	bufcur	taskid	synapse	0.0001	44	test	0.561008	0.118604	0.2115	0.00342369	0.00319858	0.00379702	0.561008	478410	2388000	4.9915	3144000	3	2	1	0
normal	boundary	classil	bufcur	taskid	synapse	0	44	test	0.581151	0.12579	0.2115	0	0	0	0.581151	478410	2388000	4.9915	3144000	3	2	1	0
normal	boundary	taskil	erown	taskid	synapse	0.001	42	test	0.993697	0.00250666	0.2115	0.013049	0.0134038	0.020851	0.993697	478410	2388000	4.9915	3144000	3	2	1	0
normal	boundary	taskil	erown	taskid	synapse	0	42	test	0.994623	0.0023879	0.2115	0	0	0	0.994623	478410	2388000	4.9915	3144000	3	2	1	0
normal	boundary	taskil	erown	taskid	synapse	0.001	43	test	0.99339	0.00310162	0.2115	0.0138887	0.0143275	0.0211855	0.99339	478410	2388000	4.9915	3144000	3	2	1	0
normal	boundary	taskil	erown	taskid	synapse	0	43	test	0.993953	0.00275148	0.2115	0	0	0	0.993953	478410	2388000	4.9915	3144000	3	2	1	0
normal	boundary	taskil	erown	taskid	synapse	0.001	44	test	0.994415	0.00289518	0.2115	0.0122391	0.0124097	0.0175925	0.994415	478410	2388000	4.9915	3144000	3	2	1	0
normal	boundary	taskil	erown	taskid	synapse	0	44	test	0.994193	0.00271961	0.2115	0	0	0	0.994193	478410	2388000	4.9915	3144000	3	2	1	0
normal	boundary	taskil	bufcur	taskid	synapse	0.01	42	test	0.97185	0.0124638	0.2115	0.098779	0.0957965	0.0854938	0.97185	478410	2388000	4.9915	3144000	3	2	1	0
normal	boundary	taskil	bufcur	taskid	synapse	0	42	test	0.980395	0.00446239	0.2115	0	0	0	0.980395	478410	2388000	4.9915	3144000	3	2	1	0
normal	boundary	taskil	bufcur	taskid	synapse	0.01	43	test	0.984847	0.00328777	0.2115	0.100557	0.0918436	0.112703	0.984847	478410	2388000	4.9915	3144000	3	2	1	0
normal	boundary	taskil	bufcur	taskid	synapse	0	43	test	0.97657	0.00781381	0.2115	0	0	0	0.97657	478410	2388000	4.9915	3144000	3	2	1	0
normal	boundary	taskil	bufcur	taskid	synapse	0.01	44	test	0.97833	0.00540992	0.2115	0.110947	0.0938066	0.124439	0.97833	478410	2388000	4.9915	3144000	3	2	1	0
normal	boundary	taskil	bufcur	taskid	synapse	0	44	test	0.978975	0.00545629	0.2115	0	0	0	0.978975	478410	2388000	4.9915	3144000	3	2	1	0
normal	step	classil	erown	ach	global	1e-07	42	test	0.901247	0.0850729	0.2079	1.23166e-06	1.23166e-06	1.23166e-06	0.901247	478410	25154	0.0526	3144000	3	2	1	0
normal	step	classil	erown	ach	global	0	42	test	0.901467	0.0847521	0.2115	0	0	0	0.901467	478410	25154	0.0526	3144000	3	2	1	0
normal	step	classil	erown	ach	global	1e-07	43	test	0.892376	0.0943037	0.2284	1.19843e-06	1.19843e-06	1.19843e-06	0.892376	478410	25154	0.0526	3144000	3	2	1	0
normal	step	classil	erown	ach	global	0	43	test	0.892296	0.094384	0.2115	0	0	0	0.892296	478410	25154	0.0526	3144000	3	2	1	0
normal	step	classil	erown	ach	global	1e-07	44	test	0.896244	0.0897968	0.2493	1.20339e-06	1.20339e-06	1.20339e-06	0.896244	478410	25154	0.0526	3144000	3	2	1	0
normal	step	classil	erown	ach	global	0	44	test	0.896552	0.0895895	0.2115	0	0	0	0.896552	478410	25154	0.0526	3144000	3	2	1	0
normal	step	classil	bufcur	ach	global	1e-07	42	test	0.627548	0.123703	0.202	3.46977e-06	3.46977e-06	3.46977e-06	0.627548	478410	25154	0.0526	3144000	3	2	1	0
normal	step	classil	bufcur	ach	global	0	42	test	0.628038	0.125246	0.2115	0	0	0	0.628038	478410	25154	0.0526	3144000	3	2	1	0
normal	step	classil	bufcur	ach	global	1e-07	43	test	0.628438	0.139888	0.24	3.4179e-06	3.4179e-06	3.4179e-06	0.628438	478410	25154	0.0526	3144000	3	2	1	0
normal	step	classil	bufcur	ach	global	0	43	test	0.627123	0.142532	0.2115	0	0	0	0.627123	478410	25154	0.0526	3144000	3	2	1	0
normal	step	classil	bufcur	ach	global	1e-07	44	test	0.581252	0.125007	0.2528	3.57832e-06	3.57832e-06	3.57832e-06	0.581252	478410	25154	0.0526	3144000	3	2	1	0
normal	step	classil	bufcur	ach	global	0	44	test	0.581291	0.126586	0.2115	0	0	0	0.581291	478410	25154	0.0526	3144000	3	2	1	0
normal	step	taskil	erown	ach	global	1e-06	42	test	0.994621	0.00209547	0.2676	0.000396476	0.000396476	0.000396476	0.994621	478410	25154	0.0526	3144000	3	2	1	0
normal	step	taskil	erown	ach	global	0	42	test	0.993384	0.00322829	0.2115	0	0	0	0.993384	478410	25154	0.0526	3144000	3	2	1	0
normal	step	taskil	erown	ach	global	1e-06	43	test	0.994843	0.00274645	0.2747	0.000491277	0.000491277	0.000491277	0.994843	478410	25154	0.0526	3144000	3	2	1	0
normal	step	taskil	erown	ach	global	0	43	test	0.993701	0.00348461	0.2115	0	0	0	0.993701	478410	25154	0.0526	3144000	3	2	1	0
normal	step	taskil	erown	ach	global	1e-06	44	test	0.993511	0.00350543	0.2967	0.000451467	0.000451467	0.000451467	0.993511	478410	25154	0.0526	3144000	3	2	1	0
normal	step	taskil	erown	ach	global	0	44	test	0.992485	0.00352587	0.2115	0	0	0	0.992485	478410	25154	0.0526	3144000	3	2	1	0
normal	step	taskil	bufcur	ach	global	0.0001	42	test	0.98541	0.00088767	0.1876	0.000106864	0.000106864	0.000106864	0.98541	478410	25154	0.0526	3144000	3	2	1	0
normal	step	taskil	bufcur	ach	global	0	42	test	0.980496	0.00466104	0.2115	0	0	0	0.980496	478410	25154	0.0526	3144000	3	2	1	0
normal	step	taskil	bufcur	ach	global	0.0001	43	test	0.988586	0.000783546	0.2767	0.00110824	0.00110824	0.00110824	0.988586	478410	25154	0.0526	3144000	3	2	1	0
normal	step	taskil	bufcur	ach	global	0	43	test	0.97625	0.00815154	0.2115	0	0	0	0.97625	478410	25154	0.0526	3144000	3	2	1	0
normal	step	taskil	bufcur	ach	global	0.0001	44	test	0.985944	0.0017828	0.3264	9.51321e-05	9.51321e-05	9.51321e-05	0.985944	478410	25154	0.0526	3144000	3	2	1	0
normal	step	taskil	bufcur	ach	global	0	44	test	0.979076	0.00515644	0.2115	0	0	0	0.979076	478410	25154	0.0526	3144000	3	2	1	0
normal	boundary	classil	erown	ach	global	0.001	42	test	0.898762	0.0889575	0.2442	0.0313391	0.0313391	0.0313391	0.898762	478410	25154	0.0526	3144000	3	2	1	0
normal	boundary	classil	erown	ach	global	0	42	test	0.899623	0.087697	0.2115	0	0	0	0.899623	478410	25154	0.0526	3144000	3	2	1	0
normal	boundary	classil	erown	ach	global	0.001	43	test	0.887387	0.0992991	0.2467	0.0327748	0.0327748	0.0327748	0.887387	478410	25154	0.0526	3144000	3	2	1	0
normal	boundary	classil	erown	ach	global	0	43	test	0.887547	0.0988365	0.2115	0	0	0	0.887547	478410	25154	0.0526	3144000	3	2	1	0
normal	boundary	classil	erown	ach	global	0.001	44	test	0.894062	0.0928964	0.2274	0.0369813	0.0369813	0.0369813	0.894062	478410	25154	0.0526	3144000	3	2	1	0
normal	boundary	classil	erown	ach	global	0	44	test	0.894176	0.0926822	0.2115	0	0	0	0.894176	478410	25154	0.0526	3144000	3	2	1	0
normal	boundary	classil	bufcur	ach	global	0.0001	42	test	0.611562	0.0953101	0.2013	0.0371906	0.0371906	0.0371906	0.611562	478410	25154	0.0526	3144000	3	2	1	0
normal	boundary	classil	bufcur	ach	global	0	42	test	0.629521	0.123859	0.2115	0	0	0	0.629521	478410	25154	0.0526	3144000	3	2	1	0
normal	boundary	classil	bufcur	ach	global	0.0001	43	test	0.635488	0.0960206	0.2605	0.0356444	0.0356444	0.0356444	0.635488	478410	25154	0.0526	3144000	3	2	1	0
normal	boundary	classil	bufcur	ach	global	0	43	test	0.627644	0.142391	0.2115	0	0	0	0.627644	478410	25154	0.0526	3144000	3	2	1	0
normal	boundary	classil	bufcur	ach	global	0.0001	44	test	0.56654	0.0993646	0.2518	0.034461	0.034461	0.034461	0.56654	478410	25154	0.0526	3144000	3	2	1	0
normal	boundary	classil	bufcur	ach	global	0	44	test	0.580254	0.126591	0.2115	0	0	0	0.580254	478410	25154	0.0526	3144000	3	2	1	0
normal	boundary	taskil	erown	ach	global	0.1	42	test	0.995255	0.00225587	0.2115	0.388996	0.388996	0.388996	0.995255	478410	25154	0.0526	3144000	3	2	1	0
normal	boundary	taskil	erown	ach	global	0	42	test	0.995512	0.00200277	0.2115	0	0	0	0.995512	478410	25154	0.0526	3144000	3	2	1	0
normal	boundary	taskil	erown	ach	global	0.1	43	test	0.991065	0.00492259	0.2115	0.291337	0.291337	0.291337	0.991065	478410	25154	0.0526	3144000	3	2	1	0
normal	boundary	taskil	erown	ach	global	0	43	test	0.994468	0.00313022	0.2115	0	0	0	0.994468	478410	25154	0.0526	3144000	3	2	1	0
normal	boundary	taskil	erown	ach	global	0.1	44	test	0.995807	0.00140257	0.2115	0.229624	0.229624	0.229624	0.995807	478410	25154	0.0526	3144000	3	2	1	0
normal	boundary	taskil	erown	ach	global	0	44	test	0.994692	0.00251458	0.2115	0	0	0	0.994692	478410	25154	0.0526	3144000	3	2	1	0
normal	boundary	taskil	bufcur	ach	global	0.1	42	test	0.988212	0.000489716	0.2115	0.0588717	0.0588717	0.0588717	0.988212	478410	25154	0.0526	3144000	3	2	1	0
normal	boundary	taskil	bufcur	ach	global	0	42	test	0.980493	0.00486295	0.2115	0	0	0	0.980493	478410	25154	0.0526	3144000	3	2	1	0
normal	boundary	taskil	bufcur	ach	global	0.1	43	test	0.98293	0.00247995	0.2115	0.0955259	0.0955259	0.0955259	0.98293	478410	25154	0.0526	3144000	3	2	1	0
normal	boundary	taskil	bufcur	ach	global	0	43	test	0.976285	0.00831169	0.2115	0	0	0	0.976285	478410	25154	0.0526	3144000	3	2	1	0
normal	boundary	taskil	bufcur	ach	global	0.1	44	test	0.984378	0.00257163	0.2115	0.151006	0.151006	0.151006	0.984378	478410	25154	0.0526	3144000	3	2	1	0
normal	boundary	taskil	bufcur	ach	global	0	44	test	0.978871	0.00577094	0.2115	0	0	0	0.978871	478410	25154	0.0526	3144000	3	2	1	0
normal	step	classil	erown	ach	neuron	1e-07	42	test	0.90126	0.0849594	0.2079	5.05362e-07	5.17558e-07	6.14685e-07	0.90126	478410	25963	0.0543	3144000	3	2	1	0
normal	step	classil	erown	ach	neuron	0	42	test	0.901467	0.0847521	0.2115	0	0	0	0.901467	478410	25963	0.0543	3144000	3	2	1	0
normal	step	classil	erown	ach	neuron	1e-07	43	test	0.892195	0.0944848	0.2284	4.95033e-07	4.85877e-07	6.0256e-07	0.892195	478410	25963	0.0543	3144000	3	2	1	0
normal	step	classil	erown	ach	neuron	0	43	test	0.892296	0.094384	0.2115	0	0	0	0.892296	478410	25963	0.0543	3144000	3	2	1	0
normal	step	classil	erown	ach	neuron	1e-07	44	test	0.896126	0.0899157	0.2494	5.15387e-07	5.04284e-07	6.02798e-07	0.896126	478410	25963	0.0543	3144000	3	2	1	0
normal	step	classil	erown	ach	neuron	0	44	test	0.896552	0.0895895	0.2115	0	0	0	0.896552	478410	25963	0.0543	3144000	3	2	1	0
normal	step	classil	bufcur	ach	neuron	1e-07	42	test	0.627445	0.12431	0.202	1.55282e-06	1.60975e-06	1.65494e-06	0.627445	478410	25963	0.0543	3144000	3	2	1	0
normal	step	classil	bufcur	ach	neuron	0	42	test	0.628038	0.125246	0.2115	0	0	0	0.628038	478410	25963	0.0543	3144000	3	2	1	0
normal	step	classil	bufcur	ach	neuron	1e-07	43	test	0.628338	0.140493	0.24	1.55636e-06	1.52907e-06	1.62078e-06	0.628338	478410	25963	0.0543	3144000	3	2	1	0
normal	step	classil	bufcur	ach	neuron	0	43	test	0.627123	0.142532	0.2115	0	0	0	0.627123	478410	25963	0.0543	3144000	3	2	1	0
normal	step	classil	bufcur	ach	neuron	1e-07	44	test	0.581445	0.125217	0.2528	1.62273e-06	1.65143e-06	1.64695e-06	0.581445	478410	25963	0.0543	3144000	3	2	1	0
normal	step	classil	bufcur	ach	neuron	0	44	test	0.581291	0.126586	0.2115	0	0	0	0.581291	478410	25963	0.0543	3144000	3	2	1	0
normal	step	taskil	erown	ach	neuron	1e-06	42	test	0.99301	0.00370873	0.2848	0.00017867	0.000206427	0.000237051	0.99301	478410	25963	0.0543	3144000	3	2	1	0
normal	step	taskil	erown	ach	neuron	0	42	test	0.993384	0.00322829	0.2115	0	0	0	0.993384	478410	25963	0.0543	3144000	3	2	1	0
normal	step	taskil	erown	ach	neuron	1e-06	43	test	0.994016	0.00306373	0.292	0.000207636	0.000236417	0.00026163	0.994016	478410	25963	0.0543	3144000	3	2	1	0
normal	step	taskil	erown	ach	neuron	0	43	test	0.993701	0.00348461	0.2115	0	0	0	0.993701	478410	25963	0.0543	3144000	3	2	1	0
normal	step	taskil	erown	ach	neuron	1e-06	44	test	0.992782	0.00362934	0.3029	0.000189979	0.000221337	0.000255288	0.992782	478410	25963	0.0543	3144000	3	2	1	0
normal	step	taskil	erown	ach	neuron	0	44	test	0.992485	0.00352587	0.2115	0	0	0	0.992485	478410	25963	0.0543	3144000	3	2	1	0
normal	step	taskil	bufcur	ach	neuron	1e-06	42	test	0.984086	0.00269715	0.2555	0.000303297	0.000329884	0.00016991	0.984086	478410	25963	0.0543	3144000	3	2	1	0
normal	step	taskil	bufcur	ach	neuron	0	42	test	0.980496	0.00466104	0.2115	0	0	0	0.980496	478410	25963	0.0543	3144000	3	2	1	0
normal	step	taskil	bufcur	ach	neuron	1e-06	43	test	0.98233	0.00277704	0.2654	0.000342651	0.000335777	0.000205552	0.98233	478410	25963	0.0543	3144000	3	2	1	0
normal	step	taskil	bufcur	ach	neuron	0	43	test	0.97625	0.00815154	0.2115	0	0	0	0.97625	478410	25963	0.0543	3144000	3	2	1	0
normal	step	taskil	bufcur	ach	neuron	1e-06	44	test	0.974042	0.00757402	0.2801	0.000310186	0.000313381	0.000135379	0.974042	478410	25963	0.0543	3144000	3	2	1	0
normal	step	taskil	bufcur	ach	neuron	0	44	test	0.979076	0.00515644	0.2115	0	0	0	0.979076	478410	25963	0.0543	3144000	3	2	1	0
normal	boundary	classil	erown	ach	neuron	0.01	42	test	0.915024	0.0685899	0.2213	0.0399002	0.0411067	0.0709948	0.915024	478410	25963	0.0543	3144000	3	2	1	0
normal	boundary	classil	erown	ach	neuron	0	42	test	0.899623	0.087697	0.2115	0	0	0	0.899623	478410	25963	0.0543	3144000	3	2	1	0
normal	boundary	classil	erown	ach	neuron	0.01	43	test	0.919739	0.0605349	0.2756	0.0411392	0.0415255	0.0779813	0.919739	478410	25963	0.0543	3144000	3	2	1	0
normal	boundary	classil	erown	ach	neuron	0	43	test	0.887547	0.0988365	0.2115	0	0	0	0.887547	478410	25963	0.0543	3144000	3	2	1	0
normal	boundary	classil	erown	ach	neuron	0.01	44	test	0.921483	0.0614795	0.2491	0.0349903	0.0349911	0.0761492	0.921483	478410	25963	0.0543	3144000	3	2	1	0
normal	boundary	classil	erown	ach	neuron	0	44	test	0.894176	0.0926822	0.2115	0	0	0	0.894176	478410	25963	0.0543	3144000	3	2	1	0
normal	boundary	classil	bufcur	ach	neuron	0.0001	42	test	0.607789	0.102285	0.2569	0.017289	0.019762	0.0236461	0.607789	478410	25963	0.0543	3144000	3	2	1	0
normal	boundary	classil	bufcur	ach	neuron	0	42	test	0.629521	0.123859	0.2115	0	0	0	0.629521	478410	25963	0.0543	3144000	3	2	1	0
normal	boundary	classil	bufcur	ach	neuron	0.0001	43	test	0.639312	0.100266	0.2662	0.0177463	0.0193596	0.0225386	0.639312	478410	25963	0.0543	3144000	3	2	1	0
normal	boundary	classil	bufcur	ach	neuron	0	43	test	0.627644	0.142391	0.2115	0	0	0	0.627644	478410	25963	0.0543	3144000	3	2	1	0
normal	boundary	classil	bufcur	ach	neuron	0.0001	44	test	0.562495	0.104081	0.2552	0.0172149	0.0196082	0.0226263	0.562495	478410	25963	0.0543	3144000	3	2	1	0
normal	boundary	classil	bufcur	ach	neuron	0	44	test	0.580254	0.126591	0.2115	0	0	0	0.580254	478410	25963	0.0543	3144000	3	2	1	0
normal	boundary	taskil	erown	ach	neuron	0.1	42	test	0.993011	0.0035093	0.2115	0.139843	0.147948	0.503151	0.993011	478410	25963	0.0543	3144000	3	2	1	0
normal	boundary	taskil	erown	ach	neuron	0	42	test	0.995512	0.00200277	0.2115	0	0	0	0.995512	478410	25963	0.0543	3144000	3	2	1	0
normal	boundary	taskil	erown	ach	neuron	0.1	43	test	0.949894	0.0379719	0.2115	3.76252	2.67274	0.787973	0.949894	478410	25963	0.0543	3144000	3	2	1	0
normal	boundary	taskil	erown	ach	neuron	0	43	test	0.994468	0.00313022	0.2115	0	0	0	0.994468	478410	25963	0.0543	3144000	3	2	1	0
normal	boundary	taskil	erown	ach	neuron	0.1	44	test	0.994367	0.00283639	0.2115	0.0930523	0.0911951	0.458922	0.994367	478410	25963	0.0543	3144000	3	2	1	0
normal	boundary	taskil	erown	ach	neuron	0	44	test	0.994692	0.00251458	0.2115	0	0	0	0.994692	478410	25963	0.0543	3144000	3	2	1	0
normal	boundary	taskil	bufcur	ach	neuron	0.01	42	test	0.985256	0.0011855	0.2613	0.126472	0.120343	0.0596986	0.985256	478410	25963	0.0543	3144000	3	2	1	0
normal	boundary	taskil	bufcur	ach	neuron	0	42	test	0.980493	0.00486295	0.2115	0	0	0	0.980493	478410	25963	0.0543	3144000	3	2	1	0
normal	boundary	taskil	bufcur	ach	neuron	0.01	43	test	0.982271	0.00285404	0.3192	0.0661591	0.0652549	0.0902389	0.982271	478410	25963	0.0543	3144000	3	2	1	0
normal	boundary	taskil	bufcur	ach	neuron	0	43	test	0.976285	0.00831169	0.2115	0	0	0	0.976285	478410	25963	0.0543	3144000	3	2	1	0
normal	boundary	taskil	bufcur	ach	neuron	0.01	44	test	0.978931	0.00578986	0.298	0.109822	0.100762	0.0585753	0.978931	478410	25963	0.0543	3144000	3	2	1	0
normal	boundary	taskil	bufcur	ach	neuron	0	44	test	0.978871	0.00577094	0.2115	0	0	0	0.978871	478410	25963	0.0543	3144000	3	2	1	0
normal	step	classil	erown	ach	synapse	1e-06	42	test	0.895554	0.0913685	0.266	2.82977e-05	4.0002e-05	6.18407e-05	0.895554	478410	502753	1.0509	3144000	3	2	1	0
normal	step	classil	erown	ach	synapse	0	42	test	0.901467	0.0847521	0.2115	0	0	0	0.901467	478410	502753	1.0509	3144000	3	2	1	0
normal	step	classil	erown	ach	synapse	1e-06	43	test	0.886807	0.10078	0.2584	2.94872e-05	4.00324e-05	6.15443e-05	0.886807	478410	502753	1.0509	3144000	3	2	1	0
normal	step	classil	erown	ach	synapse	0	43	test	0.892296	0.094384	0.2115	0	0	0	0.892296	478410	502753	1.0509	3144000	3	2	1	0
normal	step	classil	erown	ach	synapse	1e-06	44	test	0.891658	0.0944812	0.2831	2.9881e-05	3.98405e-05	6.07498e-05	0.891658	478410	502753	1.0509	3144000	3	2	1	0
normal	step	classil	erown	ach	synapse	0	44	test	0.896552	0.0895895	0.2115	0	0	0	0.896552	478410	502753	1.0509	3144000	3	2	1	0
normal	step	classil	bufcur	ach	synapse	1e-07	42	test	0.627975	0.122664	0.202	4.6121e-07	4.49712e-07	6.47793e-07	0.627975	478410	502753	1.0509	3144000	3	2	1	0
normal	step	classil	bufcur	ach	synapse	0	42	test	0.628038	0.125246	0.2115	0	0	0	0.628038	478410	502753	1.0509	3144000	3	2	1	0
normal	step	classil	bufcur	ach	synapse	1e-07	43	test	0.629642	0.139082	0.24	4.72388e-07	4.65067e-07	6.60228e-07	0.629642	478410	502753	1.0509	3144000	3	2	1	0
normal	step	classil	bufcur	ach	synapse	0	43	test	0.627123	0.142532	0.2115	0	0	0	0.627123	478410	502753	1.0509	3144000	3	2	1	0
normal	step	classil	bufcur	ach	synapse	1e-07	44	test	0.58177	0.124376	0.2528	4.84693e-07	4.71124e-07	6.63817e-07	0.58177	478410	502753	1.0509	3144000	3	2	1	0
normal	step	classil	bufcur	ach	synapse	0	44	test	0.581291	0.126586	0.2115	0	0	0	0.581291	478410	502753	1.0509	3144000	3	2	1	0
normal	step	taskil	erown	ach	synapse	1e-06	42	test	0.992023	0.00448024	0.2851	5.16472e-05	6.8319e-05	7.93682e-05	0.992023	478410	502753	1.0509	3144000	3	2	1	0
normal	step	taskil	erown	ach	synapse	0	42	test	0.993384	0.00322829	0.2115	0	0	0	0.993384	478410	502753	1.0509	3144000	3	2	1	0
normal	step	taskil	erown	ach	synapse	1e-06	43	test	0.992794	0.00458519	0.2887	5.82188e-05	7.69044e-05	8.01615e-05	0.992794	478410	502753	1.0509	3144000	3	2	1	0
normal	step	taskil	erown	ach	synapse	0	43	test	0.993701	0.00348461	0.2115	0	0	0	0.993701	478410	502753	1.0509	3144000	3	2	1	0
normal	step	taskil	erown	ach	synapse	1e-06	44	test	0.991109	0.00510352	0.2963	5.4818e-05	7.46924e-05	7.91779e-05	0.991109	478410	502753	1.0509	3144000	3	2	1	0
normal	step	taskil	erown	ach	synapse	0	44	test	0.992485	0.00352587	0.2115	0	0	0	0.992485	478410	502753	1.0509	3144000	3	2	1	0
normal	step	taskil	bufcur	ach	synapse	1e-06	42	test	0.98301	0.00313509	0.2495	0.000110778	0.000110635	8.44105e-05	0.98301	478410	502753	1.0509	3144000	3	2	1	0
normal	step	taskil	bufcur	ach	synapse	0	42	test	0.980496	0.00466104	0.2115	0	0	0	0.980496	478410	502753	1.0509	3144000	3	2	1	0
normal	step	taskil	bufcur	ach	synapse	1e-06	43	test	0.982662	0.00282143	0.2633	0.000130277	0.00012802	9.24632e-05	0.982662	478410	502753	1.0509	3144000	3	2	1	0
normal	step	taskil	bufcur	ach	synapse	0	43	test	0.97625	0.00815154	0.2115	0	0	0	0.97625	478410	502753	1.0509	3144000	3	2	1	0
normal	step	taskil	bufcur	ach	synapse	1e-06	44	test	0.970182	0.00517466	0.2761	0.000117415	0.000113624	8.27657e-05	0.970182	478410	502753	1.0509	3144000	3	2	1	0
normal	step	taskil	bufcur	ach	synapse	0	44	test	0.979076	0.00515644	0.2115	0	0	0	0.979076	478410	502753	1.0509	3144000	3	2	1	0
normal	boundary	classil	erown	ach	synapse	0.1	42	test	0.888401	0.0834393	0.2115	0.0652713	0.0640488	0.0880709	0.888401	478410	502753	1.0509	3144000	3	2	1	0
normal	boundary	classil	erown	ach	synapse	0	42	test	0.899623	0.087697	0.2115	0	0	0	0.899623	478410	502753	1.0509	3144000	3	2	1	0
normal	boundary	classil	erown	ach	synapse	0.1	43	test	0.902422	0.0666285	0.2115	0.0556627	0.0514673	0.0838063	0.902422	478410	502753	1.0509	3144000	3	2	1	0
normal	boundary	classil	erown	ach	synapse	0	43	test	0.887547	0.0988365	0.2115	0	0	0	0.887547	478410	502753	1.0509	3144000	3	2	1	0
normal	boundary	classil	erown	ach	synapse	0.1	44	test	0.902043	0.056751	0.2115	0.0736416	0.0685378	0.0903578	0.902043	478410	502753	1.0509	3144000	3	2	1	0
normal	boundary	classil	erown	ach	synapse	0	44	test	0.894176	0.0926822	0.2115	0	0	0	0.894176	478410	502753	1.0509	3144000	3	2	1	0
normal	boundary	classil	bufcur	ach	synapse	0.0001	42	test	0.554996	0.0894269	0.2334	0.00919221	0.00910193	0.00792707	0.554996	478410	502753	1.0509	3144000	3	2	1	0
normal	boundary	classil	bufcur	ach	synapse	0	42	test	0.629521	0.123859	0.2115	0	0	0	0.629521	478410	502753	1.0509	3144000	3	2	1	0
normal	boundary	classil	bufcur	ach	synapse	0.0001	43	test	0.596142	0.0617422	0.2231	0.00950879	0.00912588	0.00796943	0.596142	478410	502753	1.0509	3144000	3	2	1	0
normal	boundary	classil	bufcur	ach	synapse	0	43	test	0.627644	0.142391	0.2115	0	0	0	0.627644	478410	502753	1.0509	3144000	3	2	1	0
normal	boundary	classil	bufcur	ach	synapse	0.0001	44	test	0.527211	0.0799319	0.2233	0.00965658	0.00939546	0.00830267	0.527211	478410	502753	1.0509	3144000	3	2	1	0
normal	boundary	classil	bufcur	ach	synapse	0	44	test	0.580254	0.126591	0.2115	0	0	0	0.580254	478410	502753	1.0509	3144000	3	2	1	0
normal	boundary	taskil	erown	ach	synapse	0.01	42	test	0.989859	0.00426115	0.3717	0.040392	0.0450952	0.0455515	0.989859	478410	502753	1.0509	3144000	3	2	1	0
normal	boundary	taskil	erown	ach	synapse	0	42	test	0.995512	0.00200277	0.2115	0	0	0	0.995512	478410	502753	1.0509	3144000	3	2	1	0
normal	boundary	taskil	erown	ach	synapse	0.01	43	test	0.990926	0.00436424	0.3758	0.038214	0.0453065	0.0624877	0.990926	478410	502753	1.0509	3144000	3	2	1	0
normal	boundary	taskil	erown	ach	synapse	0	43	test	0.994468	0.00313022	0.2115	0	0	0	0.994468	478410	502753	1.0509	3144000	3	2	1	0
normal	boundary	taskil	erown	ach	synapse	0.01	44	test	0.987801	0.0067831	0.3748	0.0392687	0.0466401	0.0590826	0.987801	478410	502753	1.0509	3144000	3	2	1	0
normal	boundary	taskil	erown	ach	synapse	0	44	test	0.994692	0.00251458	0.2115	0	0	0	0.994692	478410	502753	1.0509	3144000	3	2	1	0
normal	boundary	taskil	bufcur	ach	synapse	0.01	42	test	0.985302	0.00113884	0.3237	0.0269541	0.0289346	0.028009	0.985302	478410	502753	1.0509	3144000	3	2	1	0
normal	boundary	taskil	bufcur	ach	synapse	0	42	test	0.980493	0.00486295	0.2115	0	0	0	0.980493	478410	502753	1.0509	3144000	3	2	1	0
normal	boundary	taskil	bufcur	ach	synapse	0.01	43	test	0.985578	0.00069265	0.3347	0.0218632	0.0248805	0.0188035	0.985578	478410	502753	1.0509	3144000	3	2	1	0
normal	boundary	taskil	bufcur	ach	synapse	0	43	test	0.976285	0.00831169	0.2115	0	0	0	0.976285	478410	502753	1.0509	3144000	3	2	1	0
normal	boundary	taskil	bufcur	ach	synapse	0.01	44	test	0.98194	0.00266722	0.3373	0.0297853	0.0303291	0.0263405	0.98194	478410	502753	1.0509	3144000	3	2	1	0
normal	boundary	taskil	bufcur	ach	synapse	0	44	test	0.978871	0.00577094	0.2115	0	0	0	0.978871	478410	502753	1.0509	3144000	3	2	1	0
normal	step	classil	erown	nerisez	global	1e-06	42	test	0.898302	0.0880179	0.2626	0.000262038	0.000262038	0.000262038	0.898302	478410	25154	0.0526	3144000	3	2	1	0
normal	step	classil	erown	nerisez	global	0	42	test	0.901467	0.0847521	0.2115	0	0	0	0.901467	478410	25154	0.0526	3144000	3	2	1	0
normal	step	classil	erown	nerisez	global	1e-06	43	test	0.89081	0.0962733	0.2634	0.000163367	0.000163367	0.000163367	0.89081	478410	25154	0.0526	3144000	3	2	1	0
normal	step	classil	erown	nerisez	global	0	43	test	0.892296	0.094384	0.2115	0	0	0	0.892296	478410	25154	0.0526	3144000	3	2	1	0
normal	step	classil	erown	nerisez	global	1e-06	44	test	0.894586	0.0914557	0.2814	0.000227075	0.000227075	0.000227075	0.894586	478410	25154	0.0526	3144000	3	2	1	0
normal	step	classil	erown	nerisez	global	0	44	test	0.896552	0.0895895	0.2115	0	0	0	0.896552	478410	25154	0.0526	3144000	3	2	1	0
normal	step	classil	bufcur	nerisez	global	1e-07	42	test	0.628038	0.125246	0.2115	0	0	0	0.628038	478410	25154	0.0526	3144000	3	2	1	0
normal	step	classil	bufcur	nerisez	global	0	42	test	0.628038	0.125246	0.2115	0	0	0	0.628038	478410	25154	0.0526	3144000	3	2	1	0
normal	step	classil	bufcur	nerisez	global	1e-07	43	test	0.627123	0.142532	0.2115	0	0	0	0.627123	478410	25154	0.0526	3144000	3	2	1	0
normal	step	classil	bufcur	nerisez	global	0	43	test	0.627123	0.142532	0.2115	0	0	0	0.627123	478410	25154	0.0526	3144000	3	2	1	0
normal	step	classil	bufcur	nerisez	global	1e-07	44	test	0.581291	0.126586	0.2115	0	0	0	0.581291	478410	25154	0.0526	3144000	3	2	1	0
normal	step	classil	bufcur	nerisez	global	0	44	test	0.581291	0.126586	0.2115	0	0	0	0.581291	478410	25154	0.0526	3144000	3	2	1	0
normal	step	taskil	erown	nerisez	global	0.001	42	test	0.964658	0.0180199	0.2227	0.000842832	0.000842832	0.000842832	0.964658	478410	25154	0.0526	3144000	3	2	1	0
normal	step	taskil	erown	nerisez	global	0	42	test	0.993384	0.00322829	0.2115	0	0	0	0.993384	478410	25154	0.0526	3144000	3	2	1	0
normal	step	taskil	erown	nerisez	global	0.001	43	test	0.979822	0.0139757	0.2616	0.000763916	0.000763916	0.000763916	0.979822	478410	25154	0.0526	3144000	3	2	1	0
normal	step	taskil	erown	nerisez	global	0	43	test	0.993701	0.00348461	0.2115	0	0	0	0.993701	478410	25154	0.0526	3144000	3	2	1	0
normal	step	taskil	erown	nerisez	global	0.001	44	test	0.0926714	0.705244	0.2115	nan	nan	nan	0.0926714	478410	25154	0.0526	3144000	3	2	1	0
normal	step	taskil	erown	nerisez	global	0	44	test	0.992485	0.00352587	0.2115	0	0	0	0.992485	478410	25154	0.0526	3144000	3	2	1	0
normal	step	taskil	bufcur	nerisez	global	0.001	42	test	0.985932	0.00057966	0.221	0.000847351	0.000847351	0.000847351	0.985932	478410	25154	0.0526	3144000	3	2	1	0
normal	step	taskil	bufcur	nerisez	global	0	42	test	0.980496	0.00466104	0.2115	0	0	0	0.980496	478410	25154	0.0526	3144000	3	2	1	0
normal	step	taskil	bufcur	nerisez	global	0.001	43	test	0.500311	0.107139	0.2394	0.0258267	0.0258267	0.0258267	0.500311	478410	25154	0.0526	3144000	3	2	1	0
normal	step	taskil	bufcur	nerisez	global	0	43	test	0.97625	0.00815154	0.2115	0	0	0	0.97625	478410	25154	0.0526	3144000	3	2	1	0
normal	step	taskil	bufcur	nerisez	global	0.001	44	test	0.830763	0.154152	0.3128	0.00684732	0.00684732	0.00684732	0.830763	478410	25154	0.0526	3144000	3	2	1	0
normal	step	taskil	bufcur	nerisez	global	0	44	test	0.979076	0.00515644	0.2115	0	0	0	0.979076	478410	25154	0.0526	3144000	3	2	1	0
normal	boundary	classil	erown	nerisez	global	0.001	42	test	0.898791	0.0888312	0.2373	0.0697004	0.0697004	0.0697004	0.898791	478410	25154	0.0526	3144000	3	2	1	0
normal	boundary	classil	erown	nerisez	global	0	42	test	0.899623	0.087697	0.2115	0	0	0	0.899623	478410	25154	0.0526	3144000	3	2	1	0
normal	boundary	classil	erown	nerisez	global	0.001	43	test	0.887725	0.099263	0.2493	0.106478	0.106478	0.106478	0.887725	478410	25154	0.0526	3144000	3	2	1	0
normal	boundary	classil	erown	nerisez	global	0	43	test	0.887547	0.0988365	0.2115	0	0	0	0.887547	478410	25154	0.0526	3144000	3	2	1	0
normal	boundary	classil	erown	nerisez	global	0.001	44	test	0.893638	0.0937239	0.253	0.107919	0.107919	0.107919	0.893638	478410	25154	0.0526	3144000	3	2	1	0
normal	boundary	classil	erown	nerisez	global	0	44	test	0.894176	0.0926822	0.2115	0	0	0	0.894176	478410	25154	0.0526	3144000	3	2	1	0
normal	boundary	classil	bufcur	nerisez	global	0.0001	42	test	0.627119	0.117337	0.2923	0.00580555	0.00580555	0.00580555	0.627119	478410	25154	0.0526	3144000	3	2	1	0
normal	boundary	classil	bufcur	nerisez	global	0	42	test	0.629521	0.123859	0.2115	0	0	0	0.629521	478410	25154	0.0526	3144000	3	2	1	0
normal	boundary	classil	bufcur	nerisez	global	0.0001	43	test	0.630908	0.134664	0.291	0.00510052	0.00510052	0.00510052	0.630908	478410	25154	0.0526	3144000	3	2	1	0
normal	boundary	classil	bufcur	nerisez	global	0	43	test	0.627644	0.142391	0.2115	0	0	0	0.627644	478410	25154	0.0526	3144000	3	2	1	0
normal	boundary	classil	bufcur	nerisez	global	0.0001	44	test	0.580342	0.11984	0.2867	0.00412323	0.00412323	0.00412323	0.580342	478410	25154	0.0526	3144000	3	2	1	0
normal	boundary	classil	bufcur	nerisez	global	0	44	test	0.580254	0.126591	0.2115	0	0	0	0.580254	478410	25154	0.0526	3144000	3	2	1	0
normal	boundary	taskil	erown	nerisez	global	0.01	42	test	0.995723	0.00169364	0.2893	0.11124	0.11124	0.11124	0.995723	478410	25154	0.0526	3144000	3	2	1	0
normal	boundary	taskil	erown	nerisez	global	0	42	test	0.995512	0.00200277	0.2115	0	0	0	0.995512	478410	25154	0.0526	3144000	3	2	1	0
normal	boundary	taskil	erown	nerisez	global	0.01	43	test	0.995997	0.00161314	0.3189	0.189893	0.189893	0.189893	0.995997	478410	25154	0.0526	3144000	3	2	1	0
normal	boundary	taskil	erown	nerisez	global	0	43	test	0.994468	0.00313022	0.2115	0	0	0	0.994468	478410	25154	0.0526	3144000	3	2	1	0
normal	boundary	taskil	erown	nerisez	global	0.01	44	test	0.99591	0.00129635	0.3051	0.16945	0.16945	0.16945	0.99591	478410	25154	0.0526	3144000	3	2	1	0
normal	boundary	taskil	erown	nerisez	global	0	44	test	0.994692	0.00251458	0.2115	0	0	0	0.994692	478410	25154	0.0526	3144000	3	2	1	0
normal	boundary	taskil	bufcur	nerisez	global	0.01	42	test	0.984763	0.00190157	0.2959	0.00235929	0.00235929	0.00235929	0.984763	478410	25154	0.0526	3144000	3	2	1	0
normal	boundary	taskil	bufcur	nerisez	global	0	42	test	0.980493	0.00486295	0.2115	0	0	0	0.980493	478410	25154	0.0526	3144000	3	2	1	0
normal	boundary	taskil	bufcur	nerisez	global	0.01	43	test	0.981432	0.00377353	0.3314	0.0178694	0.0178694	0.0178694	0.981432	478410	25154	0.0526	3144000	3	2	1	0
normal	boundary	taskil	bufcur	nerisez	global	0	43	test	0.976285	0.00831169	0.2115	0	0	0	0.976285	478410	25154	0.0526	3144000	3	2	1	0
normal	boundary	taskil	bufcur	nerisez	global	0.01	44	test	0.982448	0.0027042	0.2908	0.00871496	0.00871496	0.00871496	0.982448	478410	25154	0.0526	3144000	3	2	1	0
normal	boundary	taskil	bufcur	nerisez	global	0	44	test	0.978871	0.00577094	0.2115	0	0	0	0.978871	478410	25154	0.0526	3144000	3	2	1	0
normal	step	classil	erown	nerisez	neuron	1e-06	42	test	0.900273	0.086047	0.2596	5.17125e-05	5.30991e-05	7.59627e-05	0.900273	478410	25963	0.0543	3144000	3	2	1	0
normal	step	classil	erown	nerisez	neuron	0	42	test	0.901467	0.0847521	0.2115	0	0	0	0.901467	478410	25963	0.0543	3144000	3	2	1	0
normal	step	classil	erown	nerisez	neuron	1e-06	43	test	0.892302	0.0944785	0.264	3.32441e-05	3.29545e-05	4.82301e-05	0.892302	478410	25963	0.0543	3144000	3	2	1	0
normal	step	classil	erown	nerisez	neuron	0	43	test	0.892296	0.094384	0.2115	0	0	0	0.892296	478410	25963	0.0543	3144000	3	2	1	0
normal	step	classil	erown	nerisez	neuron	1e-06	44	test	0.895741	0.0903007	0.2765	4.21782e-05	4.30729e-05	6.48463e-05	0.895741	478410	25963	0.0543	3144000	3	2	1	0
normal	step	classil	erown	nerisez	neuron	0	44	test	0.896552	0.0895895	0.2115	0	0	0	0.896552	478410	25963	0.0543	3144000	3	2	1	0
normal	step	classil	bufcur	nerisez	neuron	1e-07	42	test	0.628038	0.125246	0.2115	0	0	0	0.628038	478410	25963	0.0543	3144000	3	2	1	0
normal	step	classil	bufcur	nerisez	neuron	0	42	test	0.628038	0.125246	0.2115	0	0	0	0.628038	478410	25963	0.0543	3144000	3	2	1	0
normal	step	classil	bufcur	nerisez	neuron	1e-07	43	test	0.627123	0.142532	0.2115	0	0	0	0.627123	478410	25963	0.0543	3144000	3	2	1	0
normal	step	classil	bufcur	nerisez	neuron	0	43	test	0.627123	0.142532	0.2115	0	0	0	0.627123	478410	25963	0.0543	3144000	3	2	1	0
normal	step	classil	bufcur	nerisez	neuron	1e-07	44	test	0.581291	0.126586	0.2115	0	0	0	0.581291	478410	25963	0.0543	3144000	3	2	1	0
normal	step	classil	bufcur	nerisez	neuron	0	44	test	0.581291	0.126586	0.2115	0	0	0	0.581291	478410	25963	0.0543	3144000	3	2	1	0
normal	step	taskil	erown	nerisez	neuron	1e-07	42	test	0.993384	0.00322829	0.2115	0	0	0	0.993384	478410	25963	0.0543	3144000	3	2	1	0
normal	step	taskil	erown	nerisez	neuron	0	42	test	0.993384	0.00322829	0.2115	0	0	0	0.993384	478410	25963	0.0543	3144000	3	2	1	0
normal	step	taskil	erown	nerisez	neuron	1e-07	43	test	0.993701	0.00348461	0.2115	0	0	0	0.993701	478410	25963	0.0543	3144000	3	2	1	0
normal	step	taskil	erown	nerisez	neuron	0	43	test	0.993701	0.00348461	0.2115	0	0	0	0.993701	478410	25963	0.0543	3144000	3	2	1	0
normal	step	taskil	erown	nerisez	neuron	1e-07	44	test	0.992485	0.00352587	0.2115	0	0	0	0.992485	478410	25963	0.0543	3144000	3	2	1	0
normal	step	taskil	erown	nerisez	neuron	0	44	test	0.992485	0.00352587	0.2115	0	0	0	0.992485	478410	25963	0.0543	3144000	3	2	1	0
normal	step	taskil	bufcur	nerisez	neuron	1e-07	42	test	0.980496	0.00466104	0.2115	0	0	0	0.980496	478410	25963	0.0543	3144000	3	2	1	0
normal	step	taskil	bufcur	nerisez	neuron	0	42	test	0.980496	0.00466104	0.2115	0	0	0	0.980496	478410	25963	0.0543	3144000	3	2	1	0
normal	step	taskil	bufcur	nerisez	neuron	1e-07	43	test	0.97625	0.00815154	0.2115	0	0	0	0.97625	478410	25963	0.0543	3144000	3	2	1	0
normal	step	taskil	bufcur	nerisez	neuron	0	43	test	0.97625	0.00815154	0.2115	0	0	0	0.97625	478410	25963	0.0543	3144000	3	2	1	0
normal	step	taskil	bufcur	nerisez	neuron	1e-07	44	test	0.979076	0.00515644	0.2115	0	0	0	0.979076	478410	25963	0.0543	3144000	3	2	1	0
normal	step	taskil	bufcur	nerisez	neuron	0	44	test	0.979076	0.00515644	0.2115	0	0	0	0.979076	478410	25963	0.0543	3144000	3	2	1	0
normal	boundary	classil	erown	nerisez	neuron	0.01	42	test	0.91352	0.0705	0.2213	0.0554144	0.0590109	0.0708598	0.91352	478410	25963	0.0543	3144000	3	2	1	0
normal	boundary	classil	erown	nerisez	neuron	0	42	test	0.899623	0.087697	0.2115	0	0	0	0.899623	478410	25963	0.0543	3144000	3	2	1	0
normal	boundary	classil	erown	nerisez	neuron	0.01	43	test	0.920771	0.0594057	0.2706	0.0964251	0.0952182	0.131404	0.920771	478410	25963	0.0543	3144000	3	2	1	0
normal	boundary	classil	erown	nerisez	neuron	0	43	test	0.887547	0.0988365	0.2115	0	0	0	0.887547	478410	25963	0.0543	3144000	3	2	1	0
normal	boundary	classil	erown	nerisez	neuron	0.01	44	test	0.919628	0.0633141	0.2368	0.0800061	0.0777135	0.119888	0.919628	478410	25963	0.0543	3144000	3	2	1	0
normal	boundary	classil	erown	nerisez	neuron	0	44	test	0.894176	0.0926822	0.2115	0	0	0	0.894176	478410	25963	0.0543	3144000	3	2	1	0
normal	boundary	classil	bufcur	nerisez	neuron	0.0001	42	test	0.626777	0.116354	0.2928	0.00337943	0.00390812	0.00527206	0.626777	478410	25963	0.0543	3144000	3	2	1	0
normal	boundary	classil	bufcur	nerisez	neuron	0	42	test	0.629521	0.123859	0.2115	0	0	0	0.629521	478410	25963	0.0543	3144000	3	2	1	0
normal	boundary	classil	bufcur	nerisez	neuron	0.0001	43	test	0.632133	0.132829	0.2923	0.00317042	0.00356516	0.00493243	0.632133	478410	25963	0.0543	3144000	3	2	1	0
normal	boundary	classil	bufcur	nerisez	neuron	0	43	test	0.627644	0.142391	0.2115	0	0	0	0.627644	478410	25963	0.0543	3144000	3	2	1	0
normal	boundary	classil	bufcur	nerisez	neuron	0.0001	44	test	0.579608	0.11924	0.2873	0.00282606	0.00340995	0.00499887	0.579608	478410	25963	0.0543	3144000	3	2	1	0
normal	boundary	classil	bufcur	nerisez	neuron	0	44	test	0.580254	0.126591	0.2115	0	0	0	0.580254	478410	25963	0.0543	3144000	3	2	1	0
normal	boundary	taskil	erown	nerisez	neuron	0.01	42	test	0.994517	0.00289303	0.3121	0.0628204	0.0808489	0.136125	0.994517	478410	25963	0.0543	3144000	3	2	1	0
normal	boundary	taskil	erown	nerisez	neuron	0	42	test	0.995512	0.00200277	0.2115	0	0	0	0.995512	478410	25963	0.0543	3144000	3	2	1	0
normal	boundary	taskil	erown	nerisez	neuron	0.01	43	test	0.994263	0.00294901	0.3181	0.0622572	0.0672509	0.189589	0.994263	478410	25963	0.0543	3144000	3	2	1	0
normal	boundary	taskil	erown	nerisez	neuron	0	43	test	0.994468	0.00313022	0.2115	0	0	0	0.994468	478410	25963	0.0543	3144000	3	2	1	0
normal	boundary	taskil	erown	nerisez	neuron	0.01	44	test	0.994501	0.00280288	0.3172	0.0553357	0.0718038	0.167733	0.994501	478410	25963	0.0543	3144000	3	2	1	0
normal	boundary	taskil	erown	nerisez	neuron	0	44	test	0.994692	0.00251458	0.2115	0	0	0	0.994692	478410	25963	0.0543	3144000	3	2	1	0
normal	boundary	taskil	bufcur	nerisez	neuron	0.01	42	test	0.985012	0.00253313	0.3171	0.0454876	0.0449119	0.020566	0.985012	478410	25963	0.0543	3144000	3	2	1	0
normal	boundary	taskil	bufcur	nerisez	neuron	0	42	test	0.980493	0.00486295	0.2115	0	0	0	0.980493	478410	25963	0.0543	3144000	3	2	1	0
normal	boundary	taskil	bufcur	nerisez	neuron	0.01	43	test	0.981879	0.00384983	0.3033	0.0623129	0.0560415	0.133311	0.981879	478410	25963	0.0543	3144000	3	2	1	0
normal	boundary	taskil	bufcur	nerisez	neuron	0	43	test	0.976285	0.00831169	0.2115	0	0	0	0.976285	478410	25963	0.0543	3144000	3	2	1	0
normal	boundary	taskil	bufcur	nerisez	neuron	0.01	44	test	0.981954	0.00359162	0.2517	0.0461948	0.0394669	0.0656649	0.981954	478410	25963	0.0543	3144000	3	2	1	0
normal	boundary	taskil	bufcur	nerisez	neuron	0	44	test	0.978871	0.00577094	0.2115	0	0	0	0.978871	478410	25963	0.0543	3144000	3	2	1	0
normal	step	classil	erown	nerisez	synapse	1e-06	42	test	0.900364	0.0858551	0.2587	6.67747e-06	9.34758e-06	1.55749e-05	0.900364	478410	502753	1.0509	3144000	3	2	1	0
normal	step	classil	erown	nerisez	synapse	0	42	test	0.901467	0.0847521	0.2115	0	0	0	0.901467	478410	502753	1.0509	3144000	3	2	1	0
normal	step	classil	erown	nerisez	synapse	1e-06	43	test	0.892186	0.0944941	0.2623	4.73644e-06	6.27505e-06	1.00702e-05	0.892186	478410	502753	1.0509	3144000	3	2	1	0
normal	step	classil	erown	nerisez	synapse	0	43	test	0.892296	0.094384	0.2115	0	0	0	0.892296	478410	502753	1.0509	3144000	3	2	1	0
normal	step	classil	erown	nerisez	synapse	1e-06	44	test	0.895924	0.0902183	0.2747	5.61424e-06	7.5808e-06	1.31848e-05	0.895924	478410	502753	1.0509	3144000	3	2	1	0
normal	step	classil	erown	nerisez	synapse	0	44	test	0.896552	0.0895895	0.2115	0	0	0	0.896552	478410	502753	1.0509	3144000	3	2	1	0
normal	step	classil	bufcur	nerisez	synapse	1e-07	42	test	0.628038	0.125246	0.2115	0	0	0	0.628038	478410	502753	1.0509	3144000	3	2	1	0
normal	step	classil	bufcur	nerisez	synapse	0	42	test	0.628038	0.125246	0.2115	0	0	0	0.628038	478410	502753	1.0509	3144000	3	2	1	0
normal	step	classil	bufcur	nerisez	synapse	1e-07	43	test	0.627123	0.142532	0.2115	0	0	0	0.627123	478410	502753	1.0509	3144000	3	2	1	0
normal	step	classil	bufcur	nerisez	synapse	0	43	test	0.627123	0.142532	0.2115	0	0	0	0.627123	478410	502753	1.0509	3144000	3	2	1	0
normal	step	classil	bufcur	nerisez	synapse	1e-07	44	test	0.581291	0.126586	0.2115	0	0	0	0.581291	478410	502753	1.0509	3144000	3	2	1	0
normal	step	classil	bufcur	nerisez	synapse	0	44	test	0.581291	0.126586	0.2115	0	0	0	0.581291	478410	502753	1.0509	3144000	3	2	1	0
normal	step	taskil	erown	nerisez	synapse	1e-07	42	test	0.993384	0.00322829	0.2115	0	0	0	0.993384	478410	502753	1.0509	3144000	3	2	1	0
normal	step	taskil	erown	nerisez	synapse	0	42	test	0.993384	0.00322829	0.2115	0	0	0	0.993384	478410	502753	1.0509	3144000	3	2	1	0
normal	step	taskil	erown	nerisez	synapse	1e-07	43	test	0.993701	0.00348461	0.2115	0	0	0	0.993701	478410	502753	1.0509	3144000	3	2	1	0
normal	step	taskil	erown	nerisez	synapse	0	43	test	0.993701	0.00348461	0.2115	0	0	0	0.993701	478410	502753	1.0509	3144000	3	2	1	0
normal	step	taskil	erown	nerisez	synapse	1e-07	44	test	0.992485	0.00352587	0.2115	0	0	0	0.992485	478410	502753	1.0509	3144000	3	2	1	0
normal	step	taskil	erown	nerisez	synapse	0	44	test	0.992485	0.00352587	0.2115	0	0	0	0.992485	478410	502753	1.0509	3144000	3	2	1	0
normal	step	taskil	bufcur	nerisez	synapse	1e-07	42	test	0.980496	0.00466104	0.2115	0	0	0	0.980496	478410	502753	1.0509	3144000	3	2	1	0
normal	step	taskil	bufcur	nerisez	synapse	0	42	test	0.980496	0.00466104	0.2115	0	0	0	0.980496	478410	502753	1.0509	3144000	3	2	1	0
normal	step	taskil	bufcur	nerisez	synapse	1e-07	43	test	0.97625	0.00815154	0.2115	0	0	0	0.97625	478410	502753	1.0509	3144000	3	2	1	0
normal	step	taskil	bufcur	nerisez	synapse	0	43	test	0.97625	0.00815154	0.2115	0	0	0	0.97625	478410	502753	1.0509	3144000	3	2	1	0
normal	step	taskil	bufcur	nerisez	synapse	1e-07	44	test	0.979076	0.00515644	0.2115	0	0	0	0.979076	478410	502753	1.0509	3144000	3	2	1	0
normal	step	taskil	bufcur	nerisez	synapse	0	44	test	0.979076	0.00515644	0.2115	0	0	0	0.979076	478410	502753	1.0509	3144000	3	2	1	0
normal	boundary	classil	erown	nerisez	synapse	0.01	42	test	0.915148	0.0646752	0.2295	0.0172803	0.0239978	0.0418785	0.915148	478410	502753	1.0509	3144000	3	2	1	0
normal	boundary	classil	erown	nerisez	synapse	0	42	test	0.899623	0.087697	0.2115	0	0	0	0.899623	478410	502753	1.0509	3144000	3	2	1	0
normal	boundary	classil	erown	nerisez	synapse	0.01	43	test	0.918592	0.0589236	0.2325	0.0241185	0.0344952	0.0783815	0.918592	478410	502753	1.0509	3144000	3	2	1	0
normal	boundary	classil	erown	nerisez	synapse	0	43	test	0.887547	0.0988365	0.2115	0	0	0	0.887547	478410	502753	1.0509	3144000	3	2	1	0
normal	boundary	classil	erown	nerisez	synapse	0.01	44	test	0.914555	0.058892	0.259	0.0258921	0.0359885	0.0709016	0.914555	478410	502753	1.0509	3144000	3	2	1	0
normal	boundary	classil	erown	nerisez	synapse	0	44	test	0.894176	0.0926822	0.2115	0	0	0	0.894176	478410	502753	1.0509	3144000	3	2	1	0
normal	boundary	classil	bufcur	nerisez	synapse	0.0001	42	test	0.617397	0.108941	0.2918	0.00203557	0.00200847	0.00199271	0.617397	478410	502753	1.0509	3144000	3	2	1	0
normal	boundary	classil	bufcur	nerisez	synapse	0	42	test	0.629521	0.123859	0.2115	0	0	0	0.629521	478410	502753	1.0509	3144000	3	2	1	0
normal	boundary	classil	bufcur	nerisez	synapse	0.0001	43	test	0.63391	0.117556	0.2861	0.0019202	0.00193976	0.00198072	0.63391	478410	502753	1.0509	3144000	3	2	1	0
normal	boundary	classil	bufcur	nerisez	synapse	0	43	test	0.627644	0.142391	0.2115	0	0	0	0.627644	478410	502753	1.0509	3144000	3	2	1	0
normal	boundary	classil	bufcur	nerisez	synapse	0.0001	44	test	0.578559	0.102795	0.2858	0.00175901	0.00181169	0.0020332	0.578559	478410	502753	1.0509	3144000	3	2	1	0
normal	boundary	classil	bufcur	nerisez	synapse	0	44	test	0.580254	0.126591	0.2115	0	0	0	0.580254	478410	502753	1.0509	3144000	3	2	1	0
normal	boundary	taskil	erown	nerisez	synapse	0.01	42	test	0.99353	0.00199337	0.3505	0.0209311	0.024124	0.0254291	0.99353	478410	502753	1.0509	3144000	3	2	1	0
normal	boundary	taskil	erown	nerisez	synapse	0	42	test	0.995512	0.00200277	0.2115	0	0	0	0.995512	478410	502753	1.0509	3144000	3	2	1	0
normal	boundary	taskil	erown	nerisez	synapse	0.01	43	test	0.993207	0.00320661	0.3319	0.0118222	0.0149856	0.0229502	0.993207	478410	502753	1.0509	3144000	3	2	1	0
normal	boundary	taskil	erown	nerisez	synapse	0	43	test	0.994468	0.00313022	0.2115	0	0	0	0.994468	478410	502753	1.0509	3144000	3	2	1	0
normal	boundary	taskil	erown	nerisez	synapse	0.01	44	test	0.991125	0.00536973	0.3374	0.0195755	0.0243386	0.0340049	0.991125	478410	502753	1.0509	3144000	3	2	1	0
normal	boundary	taskil	erown	nerisez	synapse	0	44	test	0.994692	0.00251458	0.2115	0	0	0	0.994692	478410	502753	1.0509	3144000	3	2	1	0
normal	boundary	taskil	bufcur	nerisez	synapse	0.01	42	test	0.986936	0	0.3098	0.0227856	0.0278882	0.0246293	0.986936	478410	502753	1.0509	3144000	3	2	1	0
normal	boundary	taskil	bufcur	nerisez	synapse	0	42	test	0.980493	0.00486295	0.2115	0	0	0	0.980493	478410	502753	1.0509	3144000	3	2	1	0
normal	boundary	taskil	bufcur	nerisez	synapse	0.01	43	test	0.984146	0.0017333	0.3402	0.028794	0.0362388	0.0381201	0.984146	478410	502753	1.0509	3144000	3	2	1	0
normal	boundary	taskil	bufcur	nerisez	synapse	0	43	test	0.976285	0.00831169	0.2115	0	0	0	0.976285	478410	502753	1.0509	3144000	3	2	1	0
normal	boundary	taskil	bufcur	nerisez	synapse	0.01	44	test	0.978043	0.00416613	0.2868	0.0231409	0.0262671	0.0323149	0.978043	478410	502753	1.0509	3144000	3	2	1	0
normal	boundary	taskil	bufcur	nerisez	synapse	0	44	test	0.978871	0.00577094	0.2115	0	0	0	0.978871	478410	502753	1.0509	3144000	3	2	1	0
normal	step	classil	erown	vecproj	global	0.0001	42	test	0.897995	0.0879598	0.6847	0.0205142	0.0205142	0.0205142	0.897995	478410	32	0.0001	3144000	3	2	1	0
normal	step	classil	erown	vecproj	global	0	42	test	0.903051	0.0813341	0.6847	0	0	0	0.903051	478410	32	0.0001	3144000	3	2	1	0
normal	step	classil	erown	vecproj	global	0.0001	43	test	0.889999	0.0994454	0.6847	0.0179339	0.0179339	0.0179339	0.889999	478410	32	0.0001	3144000	3	2	1	0
normal	step	classil	erown	vecproj	global	0	43	test	0.898993	0.086556	0.6847	0	0	0	0.898993	478410	32	0.0001	3144000	3	2	1	0
normal	step	classil	erown	vecproj	global	0.0001	44	test	0.896882	0.0943292	0.6847	0.0207162	0.0207162	0.0207162	0.896882	478410	32	0.0001	3144000	3	2	1	0
normal	step	classil	erown	vecproj	global	0	44	test	0.903201	0.0824449	0.6847	0	0	0	0.903201	478410	32	0.0001	3144000	3	2	1	0
normal	step	classil	bufcur	vecproj	global	1e-06	42	test	0.63007	0.128193	0.6847	0.000517949	0.000517949	0.000517949	0.63007	478410	32	0.0001	3144000	3	2	1	0
normal	step	classil	bufcur	vecproj	global	0	42	test	0.628487	0.124443	0.6847	0	0	0	0.628487	478410	32	0.0001	3144000	3	2	1	0
normal	step	classil	bufcur	vecproj	global	1e-06	43	test	0.624969	0.148899	0.6847	0.000589114	0.000589114	0.000589114	0.624969	478410	32	0.0001	3144000	3	2	1	0
normal	step	classil	bufcur	vecproj	global	0	43	test	0.627364	0.144198	0.6847	0	0	0	0.627364	478410	32	0.0001	3144000	3	2	1	0
normal	step	classil	bufcur	vecproj	global	1e-06	44	test	0.583975	0.123883	0.6847	0.000580747	0.000580747	0.000580747	0.583975	478410	32	0.0001	3144000	3	2	1	0
normal	step	classil	bufcur	vecproj	global	0	44	test	0.581461	0.124962	0.6847	0	0	0	0.581461	478410	32	0.0001	3144000	3	2	1	0
normal	step	taskil	erown	vecproj	global	0.0001	42	test	0.991246	0.00555947	0.6847	0.0202757	0.0202757	0.0202757	0.991246	478410	32	0.0001	3144000	3	2	1	0
normal	step	taskil	erown	vecproj	global	0	42	test	0.994035	0.00316267	0.6847	0	0	0	0.994035	478410	32	0.0001	3144000	3	2	1	0
normal	step	taskil	erown	vecproj	global	0.0001	43	test	0.987833	0.00856038	0.6847	0.0214294	0.0214294	0.0214294	0.987833	478410	32	0.0001	3144000	3	2	1	0
normal	step	taskil	erown	vecproj	global	0	43	test	0.993526	0.00357715	0.6847	0	0	0	0.993526	478410	32	0.0001	3144000	3	2	1	0
normal	step	taskil	erown	vecproj	global	0.0001	44	test	0.988097	0.00779304	0.6847	0.0223205	0.0223205	0.0223205	0.988097	478410	32	0.0001	3144000	3	2	1	0
normal	step	taskil	erown	vecproj	global	0	44	test	0.992678	0.00373606	0.6847	0	0	0	0.992678	478410	32	0.0001	3144000	3	2	1	0
normal	step	taskil	bufcur	vecproj	global	1e-05	42	test	0.984167	0.00210021	0.6847	0.0102115	0.0102115	0.0102115	0.984167	478410	32	0.0001	3144000	3	2	1	0
normal	step	taskil	bufcur	vecproj	global	0	42	test	0.98058	0.00486571	0.6847	0	0	0	0.98058	478410	32	0.0001	3144000	3	2	1	0
normal	step	taskil	bufcur	vecproj	global	1e-05	43	test	0.980599	0.00450192	0.6847	0.0108058	0.0108058	0.0108058	0.980599	478410	32	0.0001	3144000	3	2	1	0
normal	step	taskil	bufcur	vecproj	global	0	43	test	0.976645	0.00784555	0.6847	0	0	0	0.976645	478410	32	0.0001	3144000	3	2	1	0
normal	step	taskil	bufcur	vecproj	global	1e-05	44	test	0.981362	0.00388228	0.6847	0.010904	0.010904	0.010904	0.981362	478410	32	0.0001	3144000	3	2	1	0
normal	step	taskil	bufcur	vecproj	global	0	44	test	0.979076	0.00534957	0.6847	0	0	0	0.979076	478410	32	0.0001	3144000	3	2	1	0
normal	boundary	classil	erown	vecproj	global	0.01	42	test	0.903835	0.0848278	0.6847	11.0593	11.0593	11.0593	0.903835	478410	32	0.0001	3144000	3	2	1	0
normal	boundary	classil	erown	vecproj	global	0	42	test	0.902374	0.0837481	0.6847	0	0	0	0.902374	478410	32	0.0001	3144000	3	2	1	0
normal	boundary	classil	erown	vecproj	global	0.01	43	test	0.896767	0.0908139	0.6847	9.60558	9.60558	9.60558	0.896767	478410	32	0.0001	3144000	3	2	1	0
normal	boundary	classil	erown	vecproj	global	0	43	test	0.89823	0.0873339	0.6847	0	0	0	0.89823	478410	32	0.0001	3144000	3	2	1	0
normal	boundary	classil	erown	vecproj	global	0.01	44	test	0.901083	0.0874583	0.6847	7.90625	7.90625	7.90625	0.901083	478410	32	0.0001	3144000	3	2	1	0
normal	boundary	classil	erown	vecproj	global	0	44	test	0.902062	0.0836239	0.6847	0	0	0	0.902062	478410	32	0.0001	3144000	3	2	1	0
normal	boundary	classil	bufcur	vecproj	global	0.0001	42	test	0.627372	0.121846	0.6847	0.0419424	0.0419424	0.0419424	0.627372	478410	32	0.0001	3144000	3	2	1	0
normal	boundary	classil	bufcur	vecproj	global	0	42	test	0.628424	0.12465	0.6847	0	0	0	0.628424	478410	32	0.0001	3144000	3	2	1	0
normal	boundary	classil	bufcur	vecproj	global	0.0001	43	test	0.629791	0.139298	0.6847	0.0340549	0.0340549	0.0340549	0.629791	478410	32	0.0001	3144000	3	2	1	0
normal	boundary	classil	bufcur	vecproj	global	0	43	test	0.628256	0.142757	0.6847	0	0	0	0.628256	478410	32	0.0001	3144000	3	2	1	0
normal	boundary	classil	bufcur	vecproj	global	0.0001	44	test	0.580901	0.123814	0.6847	0.0456284	0.0456284	0.0456284	0.580901	478410	32	0.0001	3144000	3	2	1	0
normal	boundary	classil	bufcur	vecproj	global	0	44	test	0.581151	0.12579	0.6847	0	0	0	0.581151	478410	32	0.0001	3144000	3	2	1	0
normal	boundary	taskil	erown	vecproj	global	0.1	42	test	0.995291	0.0020068	0.6847	88695.4	88695.4	88695.4	0.995291	478410	32	0.0001	3144000	3	2	1	0
normal	boundary	taskil	erown	vecproj	global	0	42	test	0.994623	0.0023879	0.6847	0	0	0	0.994623	478410	32	0.0001	3144000	3	2	1	0
normal	boundary	taskil	erown	vecproj	global	0.1	43	test	0.994523	0.00288454	0.6847	28776.6	28776.6	28776.6	0.994523	478410	32	0.0001	3144000	3	2	1	0
normal	boundary	taskil	erown	vecproj	global	0	43	test	0.993953	0.00275148	0.6847	0	0	0	0.993953	478410	32	0.0001	3144000	3	2	1	0
normal	boundary	taskil	erown	vecproj	global	0.1	44	test	0.995889	0.000524838	0.6847	3157.67	3157.67	3157.67	0.995889	478410	32	0.0001	3144000	3	2	1	0
normal	boundary	taskil	erown	vecproj	global	0	44	test	0.994193	0.00271961	0.6847	0	0	0	0.994193	478410	32	0.0001	3144000	3	2	1	0
normal	boundary	taskil	bufcur	vecproj	global	0.1	42	test	0.985474	0.00120718	0.6847	619.51	619.51	619.51	0.985474	478410	32	0.0001	3144000	3	2	1	0
normal	boundary	taskil	bufcur	vecproj	global	0	42	test	0.980395	0.00446239	0.6847	0	0	0	0.980395	478410	32	0.0001	3144000	3	2	1	0
normal	boundary	taskil	bufcur	vecproj	global	0.1	43	test	0.985419	0.00122412	0.6847	37.9363	37.9363	37.9363	0.985419	478410	32	0.0001	3144000	3	2	1	0
normal	boundary	taskil	bufcur	vecproj	global	0	43	test	0.97657	0.00781381	0.6847	0	0	0	0.97657	478410	32	0.0001	3144000	3	2	1	0
normal	boundary	taskil	bufcur	vecproj	global	0.1	44	test	0.983076	0.00317623	0.6847	69.9485	69.9485	69.9485	0.983076	478410	32	0.0001	3144000	3	2	1	0
normal	boundary	taskil	bufcur	vecproj	global	0	44	test	0.978975	0.00545629	0.6847	0	0	0	0.978975	478410	32	0.0001	3144000	3	2	1	0
normal	step	classil	erown	vecproj	neuron	1e-05	42	test	0.904491	0.0811158	0.6847	0.00397259	0.00431554	0.00419647	0.904491	478410	25920	0.0542	3144000	3	2	1	0
normal	step	classil	erown	vecproj	neuron	0	42	test	0.903051	0.0813341	0.6847	0	0	0	0.903051	478410	25920	0.0542	3144000	3	2	1	0
normal	step	classil	erown	vecproj	neuron	1e-05	43	test	0.901039	0.0860397	0.6847	0.00392607	0.00416904	0.00414301	0.901039	478410	25920	0.0542	3144000	3	2	1	0
normal	step	classil	erown	vecproj	neuron	0	43	test	0.898993	0.086556	0.6847	0	0	0	0.898993	478410	25920	0.0542	3144000	3	2	1	0
normal	step	classil	erown	vecproj	neuron	1e-05	44	test	0.906612	0.0810856	0.6847	0.00387643	0.00415651	0.00394542	0.906612	478410	25920	0.0542	3144000	3	2	1	0
normal	step	classil	erown	vecproj	neuron	0	44	test	0.903201	0.0824449	0.6847	0	0	0	0.903201	478410	25920	0.0542	3144000	3	2	1	0
normal	step	classil	bufcur	vecproj	neuron	1e-06	42	test	0.612755	0.164085	0.6847	0.000784259	0.000759492	0.000892309	0.612755	478410	25920	0.0542	3144000	3	2	1	0
normal	step	classil	bufcur	vecproj	neuron	0	42	test	0.628487	0.124443	0.6847	0	0	0	0.628487	478410	25920	0.0542	3144000	3	2	1	0
normal	step	classil	bufcur	vecproj	neuron	1e-06	43	test	0.627397	0.160341	0.6847	0.000750083	0.000807761	0.000755354	0.627397	478410	25920	0.0542	3144000	3	2	1	0
normal	step	classil	bufcur	vecproj	neuron	0	43	test	0.627364	0.144198	0.6847	0	0	0	0.627364	478410	25920	0.0542	3144000	3	2	1	0
normal	step	classil	bufcur	vecproj	neuron	1e-06	44	test	0.586298	0.14533	0.6847	0.000788348	0.000820221	0.000640065	0.586298	478410	25920	0.0542	3144000	3	2	1	0
normal	step	classil	bufcur	vecproj	neuron	0	44	test	0.581461	0.124962	0.6847	0	0	0	0.581461	478410	25920	0.0542	3144000	3	2	1	0
normal	step	taskil	erown	vecproj	neuron	0.0001	42	test	0.989372	0.00661252	0.6847	0.0197909	0.0177503	0.0137546	0.989372	478410	25920	0.0542	3144000	3	2	1	0
normal	step	taskil	erown	vecproj	neuron	0	42	test	0.994035	0.00316267	0.6847	0	0	0	0.994035	478410	25920	0.0542	3144000	3	2	1	0
normal	step	taskil	erown	vecproj	neuron	0.0001	43	test	0.985154	0.010032	0.6847	0.0175292	0.0176203	0.0213644	0.985154	478410	25920	0.0542	3144000	3	2	1	0
normal	step	taskil	erown	vecproj	neuron	0	43	test	0.993526	0.00357715	0.6847	0	0	0	0.993526	478410	25920	0.0542	3144000	3	2	1	0
normal	step	taskil	erown	vecproj	neuron	0.0001	44	test	0.988614	0.00668116	0.6847	0.0183474	0.0170342	0.0127188	0.988614	478410	25920	0.0542	3144000	3	2	1	0
normal	step	taskil	erown	vecproj	neuron	0	44	test	0.992678	0.00373606	0.6847	0	0	0	0.992678	478410	25920	0.0542	3144000	3	2	1	0
normal	step	taskil	bufcur	vecproj	neuron	1e-05	42	test	0.985392	0.00208818	0.6847	0.00705805	0.00706086	0.00947019	0.985392	478410	25920	0.0542	3144000	3	2	1	0
normal	step	taskil	bufcur	vecproj	neuron	0	42	test	0.98058	0.00486571	0.6847	0	0	0	0.98058	478410	25920	0.0542	3144000	3	2	1	0
normal	step	taskil	bufcur	vecproj	neuron	1e-05	43	test	0.981288	0.0056608	0.6847	0.00701711	0.00739824	0.00856359	0.981288	478410	25920	0.0542	3144000	3	2	1	0
normal	step	taskil	bufcur	vecproj	neuron	0	43	test	0.976645	0.00784555	0.6847	0	0	0	0.976645	478410	25920	0.0542	3144000	3	2	1	0
normal	step	taskil	bufcur	vecproj	neuron	1e-05	44	test	0.981155	0.00541478	0.6847	0.00740761	0.00777078	0.00829604	0.981155	478410	25920	0.0542	3144000	3	2	1	0
normal	step	taskil	bufcur	vecproj	neuron	0	44	test	0.979076	0.00534957	0.6847	0	0	0	0.979076	478410	25920	0.0542	3144000	3	2	1	0
normal	boundary	classil	erown	vecproj	neuron	0.1	42	test	0.92219	0.0648331	0.6847	1.2554e+10	3.10008e+09	201321	0.92219	478410	25920	0.0542	3144000	3	2	1	0
normal	boundary	classil	erown	vecproj	neuron	0	42	test	0.902374	0.0837481	0.6847	0	0	0	0.902374	478410	25920	0.0542	3144000	3	2	1	0
normal	boundary	classil	erown	vecproj	neuron	0.1	43	test	0.926757	0.0548257	0.6847	1.1226e+08	1.95605e+10	1207.35	0.926757	478410	25920	0.0542	3144000	3	2	1	0
normal	boundary	classil	erown	vecproj	neuron	0	43	test	0.89823	0.0873339	0.6847	0	0	0	0.89823	478410	25920	0.0542	3144000	3	2	1	0
normal	boundary	classil	erown	vecproj	neuron	0.1	44	test	0.919506	0.0612008	0.6847	4.37208e+08	2.3527e+12	28202.7	0.919506	478410	25920	0.0542	3144000	3	2	1	0
normal	boundary	classil	erown	vecproj	neuron	0	44	test	0.902062	0.0836239	0.6847	0	0	0	0.902062	478410	25920	0.0542	3144000	3	2	1	0
normal	boundary	classil	bufcur	vecproj	neuron	0.001	42	test	0.62526	0.118511	0.6847	0.191136	0.199298	0.259594	0.62526	478410	25920	0.0542	3144000	3	2	1	0
normal	boundary	classil	bufcur	vecproj	neuron	0	42	test	0.628424	0.12465	0.6847	0	0	0	0.628424	478410	25920	0.0542	3144000	3	2	1	0
normal	boundary	classil	bufcur	vecproj	neuron	0.001	43	test	0.640041	0.135313	0.6847	0.178709	0.194073	0.226608	0.640041	478410	25920	0.0542	3144000	3	2	1	0
normal	boundary	classil	bufcur	vecproj	neuron	0	43	test	0.628256	0.142757	0.6847	0	0	0	0.628256	478410	25920	0.0542	3144000	3	2	1	0
normal	boundary	classil	bufcur	vecproj	neuron	0.001	44	test	0.567539	0.129261	0.6847	0.196658	0.203516	0.25022	0.567539	478410	25920	0.0542	3144000	3	2	1	0
normal	boundary	classil	bufcur	vecproj	neuron	0	44	test	0.581151	0.12579	0.6847	0	0	0	0.581151	478410	25920	0.0542	3144000	3	2	1	0
normal	boundary	taskil	erown	vecproj	neuron	0.1	42	test	0.994484	0.00192679	0.6847	1.40606e+07	425.46	5.30719e+06	0.994484	478410	25920	0.0542	3144000	3	2	1	0
normal	boundary	taskil	erown	vecproj	neuron	0	42	test	0.994623	0.0023879	0.6847	0	0	0	0.994623	478410	25920	0.0542	3144000	3	2	1	0
normal	boundary	taskil	erown	vecproj	neuron	0.1	43	test	0.992755	0.0033276	0.6847	1.6728e+07	189139	1.21176e+08	0.992755	478410	25920	0.0542	3144000	3	2	1	0
normal	boundary	taskil	erown	vecproj	neuron	0	43	test	0.993953	0.00275148	0.6847	0	0	0	0.993953	478410	25920	0.0542	3144000	3	2	1	0
normal	boundary	taskil	erown	vecproj	neuron	0.1	44	test	0.994123	0.00277844	0.6847	7.38262e+13	1.14006e+08	5.47337e+07	0.994123	478410	25920	0.0542	3144000	3	2	1	0
normal	boundary	taskil	erown	vecproj	neuron	0	44	test	0.994193	0.00271961	0.6847	0	0	0	0.994193	478410	25920	0.0542	3144000	3	2	1	0
normal	boundary	taskil	bufcur	vecproj	neuron	0.1	42	test	0.98211	0.00392292	0.6847	4.68976e+15	1.879e+14	3.34021e+06	0.98211	478410	25920	0.0542	3144000	3	2	1	0
normal	boundary	taskil	bufcur	vecproj	neuron	0	42	test	0.980395	0.00446239	0.6847	0	0	0	0.980395	478410	25920	0.0542	3144000	3	2	1	0
normal	boundary	taskil	bufcur	vecproj	neuron	0.1	43	test	0.984727	0.000988375	0.6847	2.31548e+17	3.29e+15	114078	0.984727	478410	25920	0.0542	3144000	3	2	1	0
normal	boundary	taskil	bufcur	vecproj	neuron	0	43	test	0.97657	0.00781381	0.6847	0	0	0	0.97657	478410	25920	0.0542	3144000	3	2	1	0
normal	boundary	taskil	bufcur	vecproj	neuron	0.1	44	test	0.983783	0.000198648	0.6847	3.32041e+15	8.92414e+12	229208	0.983783	478410	25920	0.0542	3144000	3	2	1	0
normal	boundary	taskil	bufcur	vecproj	neuron	0	44	test	0.978975	0.00545629	0.6847	0	0	0	0.978975	478410	25920	0.0542	3144000	3	2	1	0
normal	step	classil	erown	vecproj	synapse	1e-05	42	test	0.90192	0.0832708	0.6847	0.00231074	0.00281505	0.00336245	0.90192	478410	15283200	31.9458	3144000	3	2	1	0
normal	step	classil	erown	vecproj	synapse	0	42	test	0.903051	0.0813341	0.6847	0	0	0	0.903051	478410	15283200	31.9458	3144000	3	2	1	0
normal	step	classil	erown	vecproj	synapse	1e-05	43	test	0.899656	0.0854978	0.6847	0.00238169	0.0027914	0.00301682	0.899656	478410	15283200	31.9458	3144000	3	2	1	0
normal	step	classil	erown	vecproj	synapse	0	43	test	0.898993	0.086556	0.6847	0	0	0	0.898993	478410	15283200	31.9458	3144000	3	2	1	0
normal	step	classil	erown	vecproj	synapse	1e-05	44	test	0.905263	0.0808299	0.6847	0.00234344	0.00279865	0.00312874	0.905263	478410	15283200	31.9458	3144000	3	2	1	0
normal	step	classil	erown	vecproj	synapse	0	44	test	0.903201	0.0824449	0.6847	0	0	0	0.903201	478410	15283200	31.9458	3144000	3	2	1	0
normal	step	classil	bufcur	vecproj	synapse	1e-07	42	test	0.625586	0.139887	0.6847	6.991e-05	7.43985e-05	5.87333e-05	0.625586	478410	15283200	31.9458	3144000	3	2	1	0
normal	step	classil	bufcur	vecproj	synapse	0	42	test	0.628487	0.124443	0.6847	0	0	0	0.628487	478410	15283200	31.9458	3144000	3	2	1	0
normal	step	classil	bufcur	vecproj	synapse	1e-07	43	test	0.630538	0.15146	0.6847	6.80142e-05	7.43763e-05	5.96686e-05	0.630538	478410	15283200	31.9458	3144000	3	2	1	0
normal	step	classil	bufcur	vecproj	synapse	0	43	test	0.627364	0.144198	0.6847	0	0	0	0.627364	478410	15283200	31.9458	3144000	3	2	1	0
normal	step	classil	bufcur	vecproj	synapse	1e-07	44	test	0.584938	0.134282	0.6847	7.21402e-05	7.56992e-05	6.204e-05	0.584938	478410	15283200	31.9458	3144000	3	2	1	0
normal	step	classil	bufcur	vecproj	synapse	0	44	test	0.581461	0.124962	0.6847	0	0	0	0.581461	478410	15283200	31.9458	3144000	3	2	1	0
normal	step	taskil	erown	vecproj	synapse	1e-05	42	test	0.993735	0.00335315	0.6847	0.00209869	0.00221681	0.0014366	0.993735	478410	15283200	31.9458	3144000	3	2	1	0
normal	step	taskil	erown	vecproj	synapse	0	42	test	0.994035	0.00316267	0.6847	0	0	0	0.994035	478410	15283200	31.9458	3144000	3	2	1	0
normal	step	taskil	erown	vecproj	synapse	1e-05	43	test	0.992021	0.00447068	0.6847	0.00200663	0.0021468	0.00145837	0.992021	478410	15283200	31.9458	3144000	3	2	1	0
normal	step	taskil	erown	vecproj	synapse	0	43	test	0.993526	0.00357715	0.6847	0	0	0	0.993526	478410	15283200	31.9458	3144000	3	2	1	0
normal	step	taskil	erown	vecproj	synapse	1e-05	44	test	0.993994	0.00261854	0.6847	0.00195112	0.00214788	0.00137329	0.993994	478410	15283200	31.9458	3144000	3	2	1	0
normal	step	taskil	erown	vecproj	synapse	0	44	test	0.992678	0.00373606	0.6847	0	0	0	0.992678	478410	15283200	31.9458	3144000	3	2	1	0
normal	step	taskil	bufcur	vecproj	synapse	1e-06	42	test	0.983184	0.00276224	0.6847	0.000588675	0.000656291	0.000470753	0.983184	478410	15283200	31.9458	3144000	3	2	1	0
normal	step	taskil	bufcur	vecproj	synapse	0	42	test	0.98058	0.00486571	0.6847	0	0	0	0.98058	478410	15283200	31.9458	3144000	3	2	1	0
normal	step	taskil	bufcur	vecproj	synapse	1e-06	43	test	0.978727	0.006179	0.6847	0.000598971	0.0006665	0.000480673	0.978727	478410	15283200	31.9458	3144000	3	2	1	0
normal	step	taskil	bufcur	vecproj	synapse	0	43	test	0.976645	0.00784555	0.6847	0	0	0	0.976645	478410	15283200	31.9458	3144000	3	2	1	0
normal	step	taskil	bufcur	vecproj	synapse	1e-06	44	test	0.981344	0.00368903	0.6847	0.000639388	0.000684728	0.000498839	0.981344	478410	15283200	31.9458	3144000	3	2	1	0
normal	step	taskil	bufcur	vecproj	synapse	0	44	test	0.979076	0.00534957	0.6847	0	0	0	0.979076	478410	15283200	31.9458	3144000	3	2	1	0
normal	boundary	classil	erown	vecproj	synapse	0.01	42	test	0.922404	0.053036	0.6847	0.394308	0.462243	0.574793	0.922404	478410	15283200	31.9458	3144000	3	2	1	0
normal	boundary	classil	erown	vecproj	synapse	0	42	test	0.902374	0.0837481	0.6847	0	0	0	0.902374	478410	15283200	31.9458	3144000	3	2	1	0
normal	boundary	classil	erown	vecproj	synapse	0.01	43	test	0.926191	0.0492296	0.6847	0.39047	0.434116	0.58764	0.926191	478410	15283200	31.9458	3144000	3	2	1	0
normal	boundary	classil	erown	vecproj	synapse	0	43	test	0.89823	0.0873339	0.6847	0	0	0	0.89823	478410	15283200	31.9458	3144000	3	2	1	0
normal	boundary	classil	erown	vecproj	synapse	0.01	44	test	0.924484	0.0472066	0.6847	0.369077	0.417117	0.537772	0.924484	478410	15283200	31.9458	3144000	3	2	1	0
normal	boundary	classil	erown	vecproj	synapse	0	44	test	0.902062	0.0836239	0.6847	0	0	0	0.902062	478410	15283200	31.9458	3144000	3	2	1	0
normal	boundary	classil	bufcur	vecproj	synapse	0.0001	42	test	0.627926	0.121545	0.6847	0.0126751	0.0129502	0.0152624	0.627926	478410	15283200	31.9458	3144000	3	2	1	0
normal	boundary	classil	bufcur	vecproj	synapse	0	42	test	0.628424	0.12465	0.6847	0	0	0	0.628424	478410	15283200	31.9458	3144000	3	2	1	0
normal	boundary	classil	bufcur	vecproj	synapse	0.0001	43	test	0.634001	0.141002	0.6847	0.0130926	0.0140428	0.0149047	0.634001	478410	15283200	31.9458	3144000	3	2	1	0
normal	boundary	classil	bufcur	vecproj	synapse	0	43	test	0.628256	0.142757	0.6847	0	0	0	0.628256	478410	15283200	31.9458	3144000	3	2	1	0
normal	boundary	classil	bufcur	vecproj	synapse	0.0001	44	test	0.573278	0.131469	0.6847	0.0142951	0.013605	0.0153834	0.573278	478410	15283200	31.9458	3144000	3	2	1	0
normal	boundary	classil	bufcur	vecproj	synapse	0	44	test	0.581151	0.12579	0.6847	0	0	0	0.581151	478410	15283200	31.9458	3144000	3	2	1	0
normal	boundary	taskil	erown	vecproj	synapse	0.1	42	test	0.990631	0.00169616	0.6847	4.46419e+13	2.45684e+13	2.87765e+13	0.990631	478410	15283200	31.9458	3144000	3	2	1	0
normal	boundary	taskil	erown	vecproj	synapse	0	42	test	0.994623	0.0023879	0.6847	0	0	0	0.994623	478410	15283200	31.9458	3144000	3	2	1	0
normal	boundary	taskil	erown	vecproj	synapse	0.1	43	test	0.989607	0.00223793	0.6847	3.791e+10	4.86503e+11	1.01292e+08	0.989607	478410	15283200	31.9458	3144000	3	2	1	0
normal	boundary	taskil	erown	vecproj	synapse	0	43	test	0.993953	0.00275148	0.6847	0	0	0	0.993953	478410	15283200	31.9458	3144000	3	2	1	0
normal	boundary	taskil	erown	vecproj	synapse	0.1	44	test	0.988605	0.00164137	0.6847	9.96413e+09	640099	105928	0.988605	478410	15283200	31.9458	3144000	3	2	1	0
normal	boundary	taskil	erown	vecproj	synapse	0	44	test	0.994193	0.00271961	0.6847	0	0	0	0.994193	478410	15283200	31.9458	3144000	3	2	1	0
normal	boundary	taskil	bufcur	vecproj	synapse	0.01	42	test	0.981594	0.00374493	0.6847	0.619038	0.673143	0.931713	0.981594	478410	15283200	31.9458	3144000	3	2	1	0
normal	boundary	taskil	bufcur	vecproj	synapse	0	42	test	0.980395	0.00446239	0.6847	0	0	0	0.980395	478410	15283200	31.9458	3144000	3	2	1	0
normal	boundary	taskil	bufcur	vecproj	synapse	0.01	43	test	0.983197	0.00316184	0.6847	0.710492	0.731121	0.738502	0.983197	478410	15283200	31.9458	3144000	3	2	1	0
normal	boundary	taskil	bufcur	vecproj	synapse	0	43	test	0.97657	0.00781381	0.6847	0	0	0	0.97657	478410	15283200	31.9458	3144000	3	2	1	0
normal	boundary	taskil	bufcur	vecproj	synapse	0.01	44	test	0.980655	0.00346944	0.6847	0.703623	0.75549	0.701051	0.980655	478410	15283200	31.9458	3144000	3	2	1	0
normal	boundary	taskil	bufcur	vecproj	synapse	0	44	test	0.978975	0.00545629	0.6847	0	0	0	0.978975	478410	15283200	31.9458	3144000	3	2	1	0
normal	step	classil	erown	er	-	0	43	test	0.898993	0.086556	nan	0	0	0	0.898993	478410	0	0	3144000	1	1	1	0
normal	step	classil	erown	er	-	0	44	test	0.903201	0.0824449	nan	0	0	0	0.903201	478410	0	0	3144000	1	1	1	0
normal	step	classil	bufcur	naive	-	0	42	test	0.628487	0.124443	nan	0	0	0	0.628487	478410	0	0	3144000	1	1	1	0
normal	step	classil	bufcur	naive	-	0	43	test	0.627364	0.144198	nan	0	0	0	0.627364	478410	0	0	3144000	1	1	1	0
normal	step	classil	bufcur	naive	-	0	44	test	0.581461	0.124962	nan	0	0	0	0.581461	478410	0	0	3144000	1	1	1	0
normal	step	taskil	erown	er	-	0	43	test	0.993526	0.00357715	nan	0	0	0	0.993526	478410	0	0	3144000	1	1	1	0
normal	step	taskil	erown	er	-	0	44	test	0.992678	0.00373606	nan	0	0	0	0.992678	478410	0	0	3144000	1	1	1	0
normal	step	taskil	bufcur	naive	-	0	42	test	0.98058	0.00486571	nan	0	0	0	0.98058	478410	0	0	3144000	1	1	1	0
normal	step	taskil	bufcur	naive	-	0	43	test	0.976645	0.00784555	nan	0	0	0	0.976645	478410	0	0	3144000	1	1	1	0
normal	step	taskil	bufcur	naive	-	0	44	test	0.979076	0.00534957	nan	0	0	0	0.979076	478410	0	0	3144000	1	1	1	0
normal	boundary	classil	erown	const	global	0.0001	42	val	0.903167	0.0778723	0.211035	0.0308843	0.0308843	0.0308843	0.903167	478410	1	0	3144000	3	2	1	0
normal	boundary	classil	erown	const	global	0.001	42	val	0.893081	0.0902843	0.211035	0.233908	0.233908	0.233908	0.893081	478410	1	0	3144000	3	2	1	0
normal	boundary	classil	erown	const	global	0.01	42	val	0.842123	0.144743	0.211035	0.679564	0.679564	0.679564	0.842123	478410	1	0	3144000	3	2	1	0
normal	boundary	classil	erown	const	global	0.1	42	val	0.092733	0.694921	0.211035	nan	nan	nan	0.092733	478410	1	0	3144000	3	2	1	0
normal	boundary	classil	erown	const	neuron	0.0001	42	val	0.906835	0.0738656	0.211035	0.00798671	0.00849324	0.00853118	0.906835	478410	810	0.0017	3144000	3	2	1	0
normal	boundary	classil	erown	const	neuron	0.001	42	val	0.917428	0.0621143	0.211035	0.0505018	0.0551538	0.0656812	0.917428	478410	810	0.0017	3144000	3	2	1	0
normal	boundary	classil	erown	const	neuron	0.01	42	val	0.899116	0.0827722	0.211035	0.199443	0.22881	0.327409	0.899116	478410	810	0.0017	3144000	3	2	1	0
normal	boundary	classil	erown	const	neuron	0.1	42	val	0.092733	0.483103	0.211035	nan	nan	nan	0.092733	478410	810	0.0017	3144000	3	2	1	0
normal	boundary	classil	erown	const	synapse	0.0001	42	val	0.913836	0.0662107	0.211035	0.0033519	0.00448734	0.00791967	0.913836	478410	477600	0.9983	3144000	3	2	1	0
normal	boundary	classil	erown	const	synapse	0.001	42	val	0.918257	0.0563278	0.211035	0.0165309	0.0257328	0.0563693	0.918257	478410	477600	0.9983	3144000	3	2	1	0
normal	boundary	classil	erown	const	synapse	0.01	42	val	0.899063	0.0716833	0.211035	0.0961938	0.108624	0.251346	0.899063	478410	477600	0.9983	3144000	3	2	1	0
normal	boundary	classil	erown	const	synapse	0.1	42	val	0.092733	0.432874	0.211035	nan	nan	nan	0.092733	478410	477600	0.9983	3144000	3	2	1	0
normal	boundary	classil	erown	const	global	0.0001	42	test	0.902401	0.083923	0.2115	0.0298173	0.0298173	0.0298173	0.902401	478410	1	0	3144000	3	2	1	0
normal	boundary	classil	erown	const	global	0	42	test	0.901888	0.084136	0.2115	0	0	0	0.901888	478410	1	0	3144000	3	2	1	0
normal	boundary	classil	erown	const	global	0.0001	43	test	0.897884	0.087579	0.2115	0.0314234	0.0314234	0.0314234	0.897884	478410	1	0	3144000	3	2	1	0
normal	boundary	classil	erown	const	global	0	43	test	0.89804	0.0875238	0.2115	0	0	0	0.89804	478410	1	0	3144000	3	2	1	0
normal	boundary	classil	erown	const	global	0.0001	44	test	0.902473	0.0835159	0.2115	0.030598	0.030598	0.030598	0.902473	478410	1	0	3144000	3	2	1	0
normal	boundary	classil	erown	const	global	0	44	test	0.901369	0.0842165	0.2115	0	0	0	0.901369	478410	1	0	3144000	3	2	1	0
normal	boundary	classil	erown	const	neuron	0.001	42	test	0.922337	0.0613358	0.2115	0.0489814	0.0511802	0.080743	0.922337	478410	810	0.0017	3144000	3	2	1	0
normal	boundary	classil	erown	const	neuron	0	42	test	0.901888	0.084136	0.2115	0	0	0	0.901888	478410	810	0.0017	3144000	3	2	1	0
normal	boundary	classil	erown	const	neuron	0.001	43	test	0.920747	0.0602735	0.2115	0.0601467	0.062681	0.0903526	0.920747	478410	810	0.0017	3144000	3	2	1	0
normal	boundary	classil	erown	const	neuron	0	43	test	0.89804	0.0875238	0.2115	0	0	0	0.89804	478410	810	0.0017	3144000	3	2	1	0
normal	boundary	classil	erown	const	neuron	0.001	44	test	0.919548	0.060539	0.2115	0.0514766	0.0556543	0.0606587	0.919548	478410	810	0.0017	3144000	3	2	1	0
normal	boundary	classil	erown	const	neuron	0	44	test	0.901369	0.0842165	0.2115	0	0	0	0.901369	478410	810	0.0017	3144000	3	2	1	0
normal	boundary	classil	erown	const	synapse	0.001	42	test	0.922015	0.0557217	0.2115	0.0175505	0.0249493	0.0578754	0.922015	478410	477600	0.9983	3144000	3	2	1	0
normal	boundary	classil	erown	const	synapse	0	42	test	0.901888	0.084136	0.2115	0	0	0	0.901888	478410	477600	0.9983	3144000	3	2	1	0
normal	boundary	classil	erown	const	synapse	0.001	43	test	0.920659	0.0558672	0.2115	0.0183837	0.0255234	0.0569951	0.920659	478410	477600	0.9983	3144000	3	2	1	0
normal	boundary	classil	erown	const	synapse	0	43	test	0.89804	0.0875238	0.2115	0	0	0	0.89804	478410	477600	0.9983	3144000	3	2	1	0
normal	boundary	classil	erown	const	synapse	0.001	44	test	0.917645	0.0577936	0.2115	0.0178092	0.0244351	0.048931	0.917645	478410	477600	0.9983	3144000	3	2	1	0
normal	boundary	classil	erown	const	synapse	0	44	test	0.901369	0.0842165	0.2115	0	0	0	0.901369	478410	477600	0.9983	3144000	3	2	1	0
budget	boundary	classil	erown	er	-	0	42	test	0.781476	0.207484	nan	0	0	0	0.781476	478410	0	0	628800	1	1	1	0
budget	boundary	classil	erown	er	-	0	43	test	0.786269	0.202779	nan	0	0	0	0.786269	478410	0	0	628800	1	1	1	0
budget	boundary	classil	erown	er	-	0	44	test	0.806147	0.183308	nan	0	0	0	0.806147	478410	0	0	628800	1	1	1	0
budget	boundary	classil	erown	taskid	global	0.001	42	test	0.771786	0.218095	0.2115	0.110025	0.110025	0.110025	0.771786	478410	5	0	628800	3	2	1	0
budget	boundary	classil	erown	taskid	global	0	42	test	0.775812	0.212946	0.2115	0	0	0	0.775812	478410	5	0	628800	3	2	1	0
budget	boundary	classil	erown	taskid	global	0.001	43	test	0.767889	0.221263	0.2115	0.10768	0.10768	0.10768	0.767889	478410	5	0	628800	3	2	1	0
budget	boundary	classil	erown	taskid	global	0	43	test	0.771833	0.216213	0.2115	0	0	0	0.771833	478410	5	0	628800	3	2	1	0
budget	boundary	classil	erown	taskid	global	0.001	44	test	0.794471	0.195082	0.2115	0.108336	0.108336	0.108336	0.794471	478410	5	0	628800	3	2	1	0
budget	boundary	classil	erown	taskid	global	0	44	test	0.794895	0.193756	0.2115	0	0	0	0.794895	478410	5	0	628800	3	2	1	0
rfree	boundary	classil	erown	er	-	0	42	test	0.196672	0.796127	nan	0	0	0	0.196672	478410	0	0	0	1	1	1	0
rfree	boundary	classil	erown	er	-	0	43	test	0.197882	0.797218	nan	0	0	0	0.197882	478410	0	0	0	1	1	1	0
rfree	boundary	classil	erown	er	-	0	44	test	0.198285	0.796709	nan	0	0	0	0.198285	478410	0	0	0	1	1	1	0
rfree	boundary	classil	erown	taskid	global	0.001	42	test	0.196672	0.796127	0.2115	0	0	0	0.196672	478410	5	0	0	3	2	1	0
rfree	boundary	classil	erown	taskid	global	0	42	test	0.196672	0.796127	0.2115	0	0	0	0.196672	478410	5	0	0	3	2	1	0
rfree	boundary	classil	erown	taskid	global	0.001	43	test	0.197882	0.797218	0.2115	0	0	0	0.197882	478410	5	0	0	3	2	1	0
rfree	boundary	classil	erown	taskid	global	0	43	test	0.197882	0.797218	0.2115	0	0	0	0.197882	478410	5	0	0	3	2	1	0
rfree	boundary	classil	erown	taskid	global	0.001	44	test	0.198285	0.796709	0.2115	0	0	0	0.198285	478410	5	0	0	3	2	1	0
rfree	boundary	classil	erown	taskid	global	0	44	test	0.198285	0.796709	0.2115	0	0	0	0.198285	478410	5	0	0	3	2	1	0
budget	boundary	classil	erown	taskid	neuron	0.01	42	test	0.849636	0.135935	0.2115	0.17171	0.164847	0.114487	0.849636	478410	4050	0.0085	628800	3	2	1	0
budget	boundary	classil	erown	taskid	neuron	0	42	test	0.775812	0.212946	0.2115	0	0	0	0.775812	478410	4050	0.0085	628800	3	2	1	0
budget	boundary	classil	erown	taskid	neuron	0.01	43	test	0.864004	0.116607	0.2115	0.201436	0.178907	0.147561	0.864004	478410	4050	0.0085	628800	3	2	1	0
budget	boundary	classil	erown	taskid	neuron	0	43	test	0.771833	0.216213	0.2115	0	0	0	0.771833	478410	4050	0.0085	628800	3	2	1	0
budget	boundary	classil	erown	taskid	neuron	0.01	44	test	0.873491	0.110156	0.2115	0.176451	0.159894	0.147094	0.873491	478410	4050	0.0085	628800	3	2	1	0
budget	boundary	classil	erown	taskid	neuron	0	44	test	0.794895	0.193756	0.2115	0	0	0	0.794895	478410	4050	0.0085	628800	3	2	1	0
rfree	boundary	classil	erown	taskid	neuron	0.01	42	test	0.196672	0.796127	0.2115	0	0	0	0.196672	478410	4050	0.0085	0	3	2	1	0
rfree	boundary	classil	erown	taskid	neuron	0	42	test	0.196672	0.796127	0.2115	0	0	0	0.196672	478410	4050	0.0085	0	3	2	1	0
rfree	boundary	classil	erown	taskid	neuron	0.01	43	test	0.197882	0.797218	0.2115	0	0	0	0.197882	478410	4050	0.0085	0	3	2	1	0
rfree	boundary	classil	erown	taskid	neuron	0	43	test	0.197882	0.797218	0.2115	0	0	0	0.197882	478410	4050	0.0085	0	3	2	1	0
rfree	boundary	classil	erown	taskid	neuron	0.01	44	test	0.198285	0.796709	0.2115	0	0	0	0.198285	478410	4050	0.0085	0	3	2	1	0
rfree	boundary	classil	erown	taskid	neuron	0	44	test	0.198285	0.796709	0.2115	0	0	0	0.198285	478410	4050	0.0085	0	3	2	1	0
budget	boundary	classil	erown	taskid	synapse	0.001	42	test	0.852806	0.123183	0.2115	0.0174478	0.020117	0.0228511	0.852806	478410	2388000	4.9915	628800	3	2	1	0
budget	boundary	classil	erown	taskid	synapse	0	42	test	0.775812	0.212946	0.2115	0	0	0	0.775812	478410	2388000	4.9915	628800	3	2	1	0
budget	boundary	classil	erown	taskid	synapse	0.001	43	test	0.86374	0.109642	0.2115	0.0197257	0.0209858	0.0230382	0.86374	478410	2388000	4.9915	628800	3	2	1	0
budget	boundary	classil	erown	taskid	synapse	0	43	test	0.771833	0.216213	0.2115	0	0	0	0.771833	478410	2388000	4.9915	628800	3	2	1	0
budget	boundary	classil	erown	taskid	synapse	0.001	44	test	0.87081	0.105723	0.2115	0.0178281	0.0197263	0.0240616	0.87081	478410	2388000	4.9915	628800	3	2	1	0
budget	boundary	classil	erown	taskid	synapse	0	44	test	0.794895	0.193756	0.2115	0	0	0	0.794895	478410	2388000	4.9915	628800	3	2	1	0
rfree	boundary	classil	erown	taskid	synapse	0.001	42	test	0.196672	0.796127	0.2115	0	0	0	0.196672	478410	2388000	4.9915	0	3	2	1	0
rfree	boundary	classil	erown	taskid	synapse	0	42	test	0.196672	0.796127	0.2115	0	0	0	0.196672	478410	2388000	4.9915	0	3	2	1	0
rfree	boundary	classil	erown	taskid	synapse	0.001	43	test	0.197882	0.797218	0.2115	0	0	0	0.197882	478410	2388000	4.9915	0	3	2	1	0
rfree	boundary	classil	erown	taskid	synapse	0	43	test	0.197882	0.797218	0.2115	0	0	0	0.197882	478410	2388000	4.9915	0	3	2	1	0
rfree	boundary	classil	erown	taskid	synapse	0.001	44	test	0.198285	0.796709	0.2115	0	0	0	0.198285	478410	2388000	4.9915	0	3	2	1	0
rfree	boundary	classil	erown	taskid	synapse	0	44	test	0.198285	0.796709	0.2115	0	0	0	0.198285	478410	2388000	4.9915	0	3	2	1	0
budget	boundary	classil	erown	ach	global	0.001	42	test	0.75782	0.231646	0.2503	0.0280066	0.0280066	0.0280066	0.75782	478410	25154	0.0526	628800	3	2	1	0
budget	boundary	classil	erown	ach	global	0	42	test	0.758029	0.231337	0.2115	0	0	0	0.758029	478410	25154	0.0526	628800	3	2	1	0
budget	boundary	classil	erown	ach	global	0.001	43	test	0.779144	0.209789	0.2841	0.0257049	0.0257049	0.0257049	0.779144	478410	25154	0.0526	628800	3	2	1	0
budget	boundary	classil	erown	ach	global	0	43	test	0.77976	0.20887	0.2115	0	0	0	0.77976	478410	25154	0.0526	628800	3	2	1	0
budget	boundary	classil	erown	ach	global	0.001	44	test	0.801627	0.188026	0.2589	0.027355	0.027355	0.027355	0.801627	478410	25154	0.0526	628800	3	2	1	0
budget	boundary	classil	erown	ach	global	0	44	test	0.800364	0.188886	0.2115	0	0	0	0.800364	478410	25154	0.0526	628800	3	2	1	0
rfree	boundary	classil	erown	ach	global	0.001	42	test	0.197075	0.796821	0.3692	0	0	0	0.197075	478410	25154	0.0526	0	3	2	1	0
rfree	boundary	classil	erown	ach	global	0	42	test	0.197075	0.796821	0.2115	0	0	0	0.197075	478410	25154	0.0526	0	3	2	1	0
rfree	boundary	classil	erown	ach	global	0.001	43	test	0.197882	0.796516	0.3633	0	0	0	0.197882	478410	25154	0.0526	0	3	2	1	0
rfree	boundary	classil	erown	ach	global	0	43	test	0.197882	0.796516	0.2115	0	0	0	0.197882	478410	25154	0.0526	0	3	2	1	0
rfree	boundary	classil	erown	ach	global	0.001	44	test	0.198084	0.796605	0.3498	0	0	0	0.198084	478410	25154	0.0526	0	3	2	1	0
rfree	boundary	classil	erown	ach	global	0	44	test	0.198084	0.796605	0.2115	0	0	0	0.198084	478410	25154	0.0526	0	3	2	1	0
budget	boundary	classil	erown	ach	neuron	0.01	42	test	0.82712	0.158987	0.2314	0.0595738	0.0575222	0.0605857	0.82712	478410	25963	0.0543	628800	3	2	1	0
budget	boundary	classil	erown	ach	neuron	0	42	test	0.758029	0.231337	0.2115	0	0	0	0.758029	478410	25963	0.0543	628800	3	2	1	0
budget	boundary	classil	erown	ach	neuron	0.01	43	test	0.832986	0.153515	0.2648	0.0503132	0.0476856	0.0535623	0.832986	478410	25963	0.0543	628800	3	2	1	0
budget	boundary	classil	erown	ach	neuron	0	43	test	0.77976	0.20887	0.2115	0	0	0	0.77976	478410	25963	0.0543	628800	3	2	1	0
budget	boundary	classil	erown	ach	neuron	0.01	44	test	0.847579	0.140698	0.251	0.044991	0.0452966	0.075426	0.847579	478410	25963	0.0543	628800	3	2	1	0
budget	boundary	classil	erown	ach	neuron	0	44	test	0.800364	0.188886	0.2115	0	0	0	0.800364	478410	25963	0.0543	628800	3	2	1	0
rfree	boundary	classil	erown	ach	neuron	0.01	42	test	0.197075	0.796821	0.3133	0	0	0	0.197075	478410	25963	0.0543	0	3	2	1	0
rfree	boundary	classil	erown	ach	neuron	0	42	test	0.197075	0.796821	0.2115	0	0	0	0.197075	478410	25963	0.0543	0	3	2	1	0
rfree	boundary	classil	erown	ach	neuron	0.01	43	test	0.197882	0.796516	0.3343	0	0	0	0.197882	478410	25963	0.0543	0	3	2	1	0
rfree	boundary	classil	erown	ach	neuron	0	43	test	0.197882	0.796516	0.2115	0	0	0	0.197882	478410	25963	0.0543	0	3	2	1	0
rfree	boundary	classil	erown	ach	neuron	0.01	44	test	0.198084	0.796605	0.2786	0	0	0	0.198084	478410	25963	0.0543	0	3	2	1	0
rfree	boundary	classil	erown	ach	neuron	0	44	test	0.198084	0.796605	0.2115	0	0	0	0.198084	478410	25963	0.0543	0	3	2	1	0
budget	boundary	classil	erown	ach	synapse	0.1	42	test	0.81456	0.158668	0.2115	0.0439913	0.0475097	0.0575142	0.81456	478410	502753	1.0509	628800	3	2	1	0
budget	boundary	classil	erown	ach	synapse	0	42	test	0.758029	0.231337	0.2115	0	0	0	0.758029	478410	502753	1.0509	628800	3	2	1	0
budget	boundary	classil	erown	ach	synapse	0.1	43	test	0.80971	0.151257	0.2115	0.0453332	0.047129	0.0649571	0.80971	478410	502753	1.0509	628800	3	2	1	0
budget	boundary	classil	erown	ach	synapse	0	43	test	0.77976	0.20887	0.2115	0	0	0	0.77976	478410	502753	1.0509	628800	3	2	1	0
budget	boundary	classil	erown	ach	synapse	0.1	44	test	0.830994	0.139249	0.2115	0.0501087	0.0486597	0.0723822	0.830994	478410	502753	1.0509	628800	3	2	1	0
budget	boundary	classil	erown	ach	synapse	0	44	test	0.800364	0.188886	0.2115	0	0	0	0.800364	478410	502753	1.0509	628800	3	2	1	0
rfree	boundary	classil	erown	ach	synapse	0.1	42	test	0.197075	0.796821	0.2115	0	0	0	0.197075	478410	502753	1.0509	0	3	2	1	0
rfree	boundary	classil	erown	ach	synapse	0	42	test	0.197075	0.796821	0.2115	0	0	0	0.197075	478410	502753	1.0509	0	3	2	1	0
rfree	boundary	classil	erown	ach	synapse	0.1	43	test	0.197882	0.796516	0.2115	0	0	0	0.197882	478410	502753	1.0509	0	3	2	1	0
rfree	boundary	classil	erown	ach	synapse	0	43	test	0.197882	0.796516	0.2115	0	0	0	0.197882	478410	502753	1.0509	0	3	2	1	0
rfree	boundary	classil	erown	ach	synapse	0.1	44	test	0.198084	0.796605	0.2115	0	0	0	0.198084	478410	502753	1.0509	0	3	2	1	0
rfree	boundary	classil	erown	ach	synapse	0	44	test	0.198084	0.796605	0.2115	0	0	0	0.198084	478410	502753	1.0509	0	3	2	1	0
budget	boundary	classil	erown	nerisez	global	0.001	42	test	0.757127	0.232538	0.2493	0.0983974	0.0983974	0.0983974	0.757127	478410	25154	0.0526	628800	3	2	1	0
budget	boundary	classil	erown	nerisez	global	0	42	test	0.758029	0.231337	0.2115	0	0	0	0.758029	478410	25154	0.0526	628800	3	2	1	0
budget	boundary	classil	erown	nerisez	global	0.001	43	test	0.778468	0.210464	0.2796	0.108505	0.108505	0.108505	0.778468	478410	25154	0.0526	628800	3	2	1	0
budget	boundary	classil	erown	nerisez	global	0	43	test	0.77976	0.20887	0.2115	0	0	0	0.77976	478410	25154	0.0526	628800	3	2	1	0
budget	boundary	classil	erown	nerisez	global	0.001	44	test	0.799568	0.190286	0.2648	0.123219	0.123219	0.123219	0.799568	478410	25154	0.0526	628800	3	2	1	0
budget	boundary	classil	erown	nerisez	global	0	44	test	0.800364	0.188886	0.2115	0	0	0	0.800364	478410	25154	0.0526	628800	3	2	1	0
rfree	boundary	classil	erown	nerisez	global	0.001	42	test	0.197075	0.796821	0.334	0	0	0	0.197075	478410	25154	0.0526	0	3	2	1	0
rfree	boundary	classil	erown	nerisez	global	0	42	test	0.197075	0.796821	0.2115	0	0	0	0.197075	478410	25154	0.0526	0	3	2	1	0
rfree	boundary	classil	erown	nerisez	global	0.001	43	test	0.197882	0.796516	0.3578	0	0	0	0.197882	478410	25154	0.0526	0	3	2	1	0
rfree	boundary	classil	erown	nerisez	global	0	43	test	0.197882	0.796516	0.2115	0	0	0	0.197882	478410	25154	0.0526	0	3	2	1	0
rfree	boundary	classil	erown	nerisez	global	0.001	44	test	0.198084	0.796605	0.3465	0	0	0	0.198084	478410	25154	0.0526	0	3	2	1	0
rfree	boundary	classil	erown	nerisez	global	0	44	test	0.198084	0.796605	0.2115	0	0	0	0.198084	478410	25154	0.0526	0	3	2	1	0
budget	boundary	classil	erown	nerisez	neuron	0.01	42	test	0.823664	0.16254	0.2291	0.183479	0.181002	0.153679	0.823664	478410	25963	0.0543	628800	3	2	1	0
budget	boundary	classil	erown	nerisez	neuron	0	42	test	0.758029	0.231337	0.2115	0	0	0	0.758029	478410	25963	0.0543	628800	3	2	1	0
budget	boundary	classil	erown	nerisez	neuron	0.01	43	test	0.820032	0.16688	0.2344	0.161185	0.15959	0.149115	0.820032	478410	25963	0.0543	628800	3	2	1	0
budget	boundary	classil	erown	nerisez	neuron	0	43	test	0.77976	0.20887	0.2115	0	0	0	0.77976	478410	25963	0.0543	628800	3	2	1	0
budget	boundary	classil	erown	nerisez	neuron	0.01	44	test	0.857101	0.131264	0.2448	0.129005	0.126962	0.146232	0.857101	478410	25963	0.0543	628800	3	2	1	0
budget	boundary	classil	erown	nerisez	neuron	0	44	test	0.800364	0.188886	0.2115	0	0	0	0.800364	478410	25963	0.0543	628800	3	2	1	0
rfree	boundary	classil	erown	nerisez	neuron	0.01	42	test	0.197075	0.796821	0.3111	0	0	0	0.197075	478410	25963	0.0543	0	3	2	1	0
rfree	boundary	classil	erown	nerisez	neuron	0	42	test	0.197075	0.796821	0.2115	0	0	0	0.197075	478410	25963	0.0543	0	3	2	1	0
rfree	boundary	classil	erown	nerisez	neuron	0.01	43	test	0.197882	0.796516	0.3306	0	0	0	0.197882	478410	25963	0.0543	0	3	2	1	0
rfree	boundary	classil	erown	nerisez	neuron	0	43	test	0.197882	0.796516	0.2115	0	0	0	0.197882	478410	25963	0.0543	0	3	2	1	0
rfree	boundary	classil	erown	nerisez	neuron	0.01	44	test	0.198084	0.796605	0.2744	0	0	0	0.198084	478410	25963	0.0543	0	3	2	1	0
rfree	boundary	classil	erown	nerisez	neuron	0	44	test	0.198084	0.796605	0.2115	0	0	0	0.198084	478410	25963	0.0543	0	3	2	1	0
budget	boundary	classil	erown	nerisez	synapse	0.01	42	test	0.824925	0.155317	0.2302	0.0426607	0.053524	0.0751311	0.824925	478410	502753	1.0509	628800	3	2	1	0
budget	boundary	classil	erown	nerisez	synapse	0	42	test	0.758029	0.231337	0.2115	0	0	0	0.758029	478410	502753	1.0509	628800	3	2	1	0
budget	boundary	classil	erown	nerisez	synapse	0.01	43	test	0.822546	0.158448	0.2492	0.0295958	0.0382859	0.0542568	0.822546	478410	502753	1.0509	628800	3	2	1	0
budget	boundary	classil	erown	nerisez	synapse	0	43	test	0.77976	0.20887	0.2115	0	0	0	0.77976	478410	502753	1.0509	628800	3	2	1	0
budget	boundary	classil	erown	nerisez	synapse	0.01	44	test	0.848982	0.12996	0.2434	0.0441541	0.0580124	0.0897677	0.848982	478410	502753	1.0509	628800	3	2	1	0
budget	boundary	classil	erown	nerisez	synapse	0	44	test	0.800364	0.188886	0.2115	0	0	0	0.800364	478410	502753	1.0509	628800	3	2	1	0
rfree	boundary	classil	erown	nerisez	synapse	0.01	42	test	0.197075	0.796821	0.3111	0	0	0	0.197075	478410	502753	1.0509	0	3	2	1	0
rfree	boundary	classil	erown	nerisez	synapse	0	42	test	0.197075	0.796821	0.2115	0	0	0	0.197075	478410	502753	1.0509	0	3	2	1	0
rfree	boundary	classil	erown	nerisez	synapse	0.01	43	test	0.197882	0.796516	0.3306	0	0	0	0.197882	478410	502753	1.0509	0	3	2	1	0
rfree	boundary	classil	erown	nerisez	synapse	0	43	test	0.197882	0.796516	0.2115	0	0	0	0.197882	478410	502753	1.0509	0	3	2	1	0
rfree	boundary	classil	erown	nerisez	synapse	0.01	44	test	0.198084	0.796605	0.2744	0	0	0	0.198084	478410	502753	1.0509	0	3	2	1	0
rfree	boundary	classil	erown	nerisez	synapse	0	44	test	0.198084	0.796605	0.2115	0	0	0	0.198084	478410	502753	1.0509	0	3	2	1	0
budget	boundary	classil	erown	vecproj	global	0.01	42	test	0.772728	0.217554	0.6847	4.97293	4.97293	4.97293	0.772728	478410	32	0.0001	628800	3	2	1	0
budget	boundary	classil	erown	vecproj	global	0	42	test	0.775812	0.212946	0.6847	0	0	0	0.775812	478410	32	0.0001	628800	3	2	1	0
budget	boundary	classil	erown	vecproj	global	0.01	43	test	0.770791	0.218871	0.6847	4.59249	4.59249	4.59249	0.770791	478410	32	0.0001	628800	3	2	1	0
budget	boundary	classil	erown	vecproj	global	0	43	test	0.771833	0.216213	0.6847	0	0	0	0.771833	478410	32	0.0001	628800	3	2	1	0
budget	boundary	classil	erown	vecproj	global	0.01	44	test	0.795122	0.195033	0.6847	6.4143	6.4143	6.4143	0.795122	478410	32	0.0001	628800	3	2	1	0
budget	boundary	classil	erown	vecproj	global	0	44	test	0.794895	0.193756	0.6847	0	0	0	0.794895	478410	32	0.0001	628800	3	2	1	0
rfree	boundary	classil	erown	vecproj	global	0.01	42	test	0.196672	0.796127	0.6847	0	0	0	0.196672	478410	32	0.0001	0	3	2	1	0
rfree	boundary	classil	erown	vecproj	global	0	42	test	0.196672	0.796127	0.6847	0	0	0	0.196672	478410	32	0.0001	0	3	2	1	0
rfree	boundary	classil	erown	vecproj	global	0.01	43	test	0.197882	0.797218	0.6847	0	0	0	0.197882	478410	32	0.0001	0	3	2	1	0
rfree	boundary	classil	erown	vecproj	global	0	43	test	0.197882	0.797218	0.6847	0	0	0	0.197882	478410	32	0.0001	0	3	2	1	0
rfree	boundary	classil	erown	vecproj	global	0.01	44	test	0.198285	0.796709	0.6847	0	0	0	0.198285	478410	32	0.0001	0	3	2	1	0
rfree	boundary	classil	erown	vecproj	global	0	44	test	0.198285	0.796709	0.6847	0	0	0	0.198285	478410	32	0.0001	0	3	2	1	0
budget	boundary	classil	erown	vecproj	neuron	0.1	42	test	0.84671	0.134354	0.6847	2.80055e+12	1.04204e+10	1454.42	0.84671	478410	25920	0.0542	628800	3	2	1	0
budget	boundary	classil	erown	vecproj	neuron	0	42	test	0.775812	0.212946	0.6847	0	0	0	0.775812	478410	25920	0.0542	628800	3	2	1	0
budget	boundary	classil	erown	vecproj	neuron	0.1	43	test	0.880983	0.0907526	0.6847	7.0437e+09	9.28788e+06	7817.64	0.880983	478410	25920	0.0542	628800	3	2	1	0
budget	boundary	classil	erown	vecproj	neuron	0	43	test	0.771833	0.216213	0.6847	0	0	0	0.771833	478410	25920	0.0542	628800	3	2	1	0
budget	boundary	classil	erown	vecproj	neuron	0.1	44	test	0.885289	0.0876764	0.6847	2.70124e+16	2.02096e+12	18362.1	0.885289	478410	25920	0.0542	628800	3	2	1	0
budget	boundary	classil	erown	vecproj	neuron	0	44	test	0.794895	0.193756	0.6847	0	0	0	0.794895	478410	25920	0.0542	628800	3	2	1	0
rfree	boundary	classil	erown	vecproj	neuron	0.1	42	test	0.196672	0.796127	0.6847	0	0	0	0.196672	478410	25920	0.0542	0	3	2	1	0
rfree	boundary	classil	erown	vecproj	neuron	0	42	test	0.196672	0.796127	0.6847	0	0	0	0.196672	478410	25920	0.0542	0	3	2	1	0
rfree	boundary	classil	erown	vecproj	neuron	0.1	43	test	0.197882	0.797218	0.6847	0	0	0	0.197882	478410	25920	0.0542	0	3	2	1	0
rfree	boundary	classil	erown	vecproj	neuron	0	43	test	0.197882	0.797218	0.6847	0	0	0	0.197882	478410	25920	0.0542	0	3	2	1	0
rfree	boundary	classil	erown	vecproj	neuron	0.1	44	test	0.198285	0.796709	0.6847	0	0	0	0.198285	478410	25920	0.0542	0	3	2	1	0
rfree	boundary	classil	erown	vecproj	neuron	0	44	test	0.198285	0.796709	0.6847	0	0	0	0.198285	478410	25920	0.0542	0	3	2	1	0
budget	boundary	classil	erown	vecproj	synapse	0.01	42	test	0.854635	0.119822	0.6847	0.339399	0.383857	0.639282	0.854635	478410	15283200	31.9458	628800	3	2	1	0
budget	boundary	classil	erown	vecproj	synapse	0	42	test	0.775812	0.212946	0.6847	0	0	0	0.775812	478410	15283200	31.9458	628800	3	2	1	0
budget	boundary	classil	erown	vecproj	synapse	0.01	43	test	0.861354	0.1113	0.6847	0.397389	0.408415	0.626148	0.861354	478410	15283200	31.9458	628800	3	2	1	0
budget	boundary	classil	erown	vecproj	synapse	0	43	test	0.771833	0.216213	0.6847	0	0	0	0.771833	478410	15283200	31.9458	628800	3	2	1	0
budget	boundary	classil	erown	vecproj	synapse	0.01	44	test	0.869357	0.105634	0.6847	0.344632	0.371769	0.588876	0.869357	478410	15283200	31.9458	628800	3	2	1	0
budget	boundary	classil	erown	vecproj	synapse	0	44	test	0.794895	0.193756	0.6847	0	0	0	0.794895	478410	15283200	31.9458	628800	3	2	1	0
rfree	boundary	classil	erown	vecproj	synapse	0.01	42	test	0.196672	0.796127	0.6847	0	0	0	0.196672	478410	15283200	31.9458	0	3	2	1	0
rfree	boundary	classil	erown	vecproj	synapse	0	42	test	0.196672	0.796127	0.6847	0	0	0	0.196672	478410	15283200	31.9458	0	3	2	1	0
rfree	boundary	classil	erown	vecproj	synapse	0.01	43	test	0.197882	0.797218	0.6847	0	0	0	0.197882	478410	15283200	31.9458	0	3	2	1	0
rfree	boundary	classil	erown	vecproj	synapse	0	43	test	0.197882	0.797218	0.6847	0	0	0	0.197882	478410	15283200	31.9458	0	3	2	1	0
rfree	boundary	classil	erown	vecproj	synapse	0.01	44	test	0.198285	0.796709	0.6847	0	0	0	0.198285	478410	15283200	31.9458	0	3	2	1	0
rfree	boundary	classil	erown	vecproj	synapse	0	44	test	0.198285	0.796709	0.6847	0	0	0	0.198285	478410	15283200	31.9458	0	3	2	1	0
budget	boundary	classil	erown	const	global	0.0001	42	test	0.776541	0.212525	0.2115	0.0273767	0.0273767	0.0273767	0.776541	478410	1	0	628800	3	2	1	0
budget	boundary	classil	erown	const	global	0	42	test	0.775812	0.212946	0.2115	0	0	0	0.775812	478410	1	0	628800	3	2	1	0
budget	boundary	classil	erown	const	global	0.0001	43	test	0.772057	0.216191	0.2115	0.0272484	0.0272484	0.0272484	0.772057	478410	1	0	628800	3	2	1	0
budget	boundary	classil	erown	const	global	0	43	test	0.771833	0.216213	0.2115	0	0	0	0.771833	478410	1	0	628800	3	2	1	0
budget	boundary	classil	erown	const	global	0.0001	44	test	0.794416	0.194333	0.2115	0.0299938	0.0299938	0.0299938	0.794416	478410	1	0	628800	3	2	1	0
budget	boundary	classil	erown	const	global	0	44	test	0.794895	0.193756	0.2115	0	0	0	0.794895	478410	1	0	628800	3	2	1	0
rfree	boundary	classil	erown	const	global	0.0001	42	test	0.196672	0.796127	0.2115	0	0	0	0.196672	478410	1	0	0	3	2	1	0
rfree	boundary	classil	erown	const	global	0	42	test	0.196672	0.796127	0.2115	0	0	0	0.196672	478410	1	0	0	3	2	1	0
rfree	boundary	classil	erown	const	global	0.0001	43	test	0.197882	0.797218	0.2115	0	0	0	0.197882	478410	1	0	0	3	2	1	0
rfree	boundary	classil	erown	const	global	0	43	test	0.197882	0.797218	0.2115	0	0	0	0.197882	478410	1	0	0	3	2	1	0
rfree	boundary	classil	erown	const	global	0.0001	44	test	0.198285	0.796709	0.2115	0	0	0	0.198285	478410	1	0	0	3	2	1	0
rfree	boundary	classil	erown	const	global	0	44	test	0.198285	0.796709	0.2115	0	0	0	0.198285	478410	1	0	0	3	2	1	0
budget	boundary	classil	erown	const	neuron	0.001	42	test	0.836658	0.148705	0.2115	0.0755395	0.0789146	0.0672922	0.836658	478410	810	0.0017	628800	3	2	1	0
budget	boundary	classil	erown	const	neuron	0	42	test	0.775812	0.212946	0.2115	0	0	0	0.775812	478410	810	0.0017	628800	3	2	1	0
budget	boundary	classil	erown	const	neuron	0.001	43	test	0.830576	0.154512	0.2115	0.0673175	0.0647555	0.0631815	0.830576	478410	810	0.0017	628800	3	2	1	0
budget	boundary	classil	erown	const	neuron	0	43	test	0.771833	0.216213	0.2115	0	0	0	0.771833	478410	810	0.0017	628800	3	2	1	0
budget	boundary	classil	erown	const	neuron	0.001	44	test	0.850089	0.135064	0.2115	0.0808063	0.0779676	0.0753724	0.850089	478410	810	0.0017	628800	3	2	1	0
budget	boundary	classil	erown	const	neuron	0	44	test	0.794895	0.193756	0.2115	0	0	0	0.794895	478410	810	0.0017	628800	3	2	1	0
rfree	boundary	classil	erown	const	neuron	0.001	42	test	0.196672	0.796127	0.2115	0	0	0	0.196672	478410	810	0.0017	0	3	2	1	0
rfree	boundary	classil	erown	const	neuron	0	42	test	0.196672	0.796127	0.2115	0	0	0	0.196672	478410	810	0.0017	0	3	2	1	0
rfree	boundary	classil	erown	const	neuron	0.001	43	test	0.197882	0.797218	0.2115	0	0	0	0.197882	478410	810	0.0017	0	3	2	1	0
rfree	boundary	classil	erown	const	neuron	0	43	test	0.197882	0.797218	0.2115	0	0	0	0.197882	478410	810	0.0017	0	3	2	1	0
rfree	boundary	classil	erown	const	neuron	0.001	44	test	0.198285	0.796709	0.2115	0	0	0	0.198285	478410	810	0.0017	0	3	2	1	0
rfree	boundary	classil	erown	const	neuron	0	44	test	0.198285	0.796709	0.2115	0	0	0	0.198285	478410	810	0.0017	0	3	2	1	0
budget	boundary	classil	erown	const	synapse	0.001	42	test	0.834438	0.144957	0.2115	0.0247928	0.0314496	0.0444587	0.834438	478410	477600	0.9983	628800	3	2	1	0
budget	boundary	classil	erown	const	synapse	0	42	test	0.775812	0.212946	0.2115	0	0	0	0.775812	478410	477600	0.9983	628800	3	2	1	0
budget	boundary	classil	erown	const	synapse	0.001	43	test	0.83734	0.13981	0.2115	0.0225447	0.0300015	0.0540069	0.83734	478410	477600	0.9983	628800	3	2	1	0
budget	boundary	classil	erown	const	synapse	0	43	test	0.771833	0.216213	0.2115	0	0	0	0.771833	478410	477600	0.9983	628800	3	2	1	0
budget	boundary	classil	erown	const	synapse	0.001	44	test	0.854261	0.122195	0.2115	0.0248547	0.0295963	0.0428154	0.854261	478410	477600	0.9983	628800	3	2	1	0
budget	boundary	classil	erown	const	synapse	0	44	test	0.794895	0.193756	0.2115	0	0	0	0.794895	478410	477600	0.9983	628800	3	2	1	0
rfree	boundary	classil	erown	const	synapse	0.001	42	test	0.196672	0.796127	0.2115	0	0	0	0.196672	478410	477600	0.9983	0	3	2	1	0
rfree	boundary	classil	erown	const	synapse	0	42	test	0.196672	0.796127	0.2115	0	0	0	0.196672	478410	477600	0.9983	0	3	2	1	0
rfree	boundary	classil	erown	const	synapse	0.001	43	test	0.197882	0.797218	0.2115	0	0	0	0.197882	478410	477600	0.9983	0	3	2	1	0
rfree	boundary	classil	erown	const	synapse	0	43	test	0.197882	0.797218	0.2115	0	0	0	0.197882	478410	477600	0.9983	0	3	2	1	0
rfree	boundary	classil	erown	const	synapse	0.001	44	test	0.198285	0.796709	0.2115	0	0	0	0.198285	478410	477600	0.9983	0	3	2	1	0
rfree	boundary	classil	erown	const	synapse	0	44	test	0.198285	0.796709	0.2115	0	0	0	0.198285	478410	477600	0.9983	0	3	2	1	0
normal	boundary	classil	erown	const5	global	0.0001	42	val	0.89911	0.0832613	0.211035	0.136574	0.136574	0.136574	0.89911	478410	5	0	3144000	3	2	1	0
normal	boundary	classil	erown	const5	global	0.001	42	val	0.86872	0.11715	0.211035	0.46972	0.46972	0.46972	0.86872	478410	5	0	3144000	3	2	1	0
normal	boundary	classil	erown	const5	global	0.01	42	val	0.828419	0.157619	0.211035	0.94994	0.94994	0.94994	0.828419	478410	5	0	3144000	3	2	1	0
normal	boundary	classil	erown	const5	global	0.1	42	val	0.092733	0.304365	0.211035	nan	nan	nan	0.092733	478410	5	0	3144000	3	2	1	0
normal	boundary	classil	erown	const5	neuron	0.0001	42	val	0.914568	0.0658013	0.211035	0.0304585	0.03307	0.0374387	0.914568	478410	4050	0.0085	3144000	3	2	1	0
normal	boundary	classil	erown	const5	neuron	0.001	42	val	0.91341	0.0671393	0.211035	0.146747	0.15898	0.210553	0.91341	478410	4050	0.0085	3144000	3	2	1	0
normal	boundary	classil	erown	const5	neuron	0.01	42	val	0.84995	0.107674	0.211035	1.06025	0.975376	0.395354	0.84995	478410	4050	0.0085	3144000	3	2	1	0
normal	boundary	classil	erown	const5	neuron	0.1	42	val	0.092733	0.193783	0.211035	nan	nan	nan	0.092733	478410	4050	0.0085	3144000	3	2	1	0
normal	boundary	classil	erown	const5	synapse	0.0001	42	val	0.917917	0.0575095	0.211035	0.00983656	0.0145944	0.0324389	0.917917	478410	2388000	4.9915	3144000	3	2	1	0
normal	boundary	classil	erown	const5	synapse	0.001	42	val	0.910444	0.0621671	0.211035	0.0511299	0.0742082	0.162815	0.910444	478410	2388000	4.9915	3144000	3	2	1	0
normal	boundary	classil	erown	const5	synapse	0.01	42	val	0.727698	0.169361	0.211035	1.08747	0.634609	2.06254	0.727698	478410	2388000	4.9915	3144000	3	2	1	0
normal	boundary	classil	erown	const5	synapse	0.1	42	val	0.092733	0.188632	0.211035	nan	nan	nan	0.092733	478410	2388000	4.9915	3144000	3	2	1	0
normal	boundary	classil	erown	vecproj_norm	global	0.0001	42	val	0.899304	0.0830674	0.212202	0.13279	0.13279	0.13279	0.899304	478410	1	0	3144000	3	2	1	0
normal	boundary	classil	erown	vecproj_norm	global	0.001	42	val	0.868477	0.117065	0.212202	0.465184	0.465184	0.465184	0.868477	478410	1	0	3144000	3	2	1	0
normal	boundary	classil	erown	vecproj_norm	global	0.01	42	val	0.836414	0.149623	0.212202	0.944789	0.944789	0.944789	0.836414	478410	1	0	3144000	3	2	1	0
normal	boundary	classil	erown	vecproj_norm	global	0.1	42	val	0.092733	0.304681	0.212202	nan	nan	nan	0.092733	478410	1	0	3144000	3	2	1	0
normal	boundary	classil	erown	vecproj_norm	neuron	0.0001	42	val	0.914237	0.0661321	0.212202	0.0297026	0.0324248	0.0365768	0.914237	478410	810	0.0017	3144000	3	2	1	0
normal	boundary	classil	erown	vecproj_norm	neuron	0.001	42	val	0.913722	0.0664844	0.212202	0.145689	0.159078	0.207575	0.913722	478410	810	0.0017	3144000	3	2	1	0
normal	boundary	classil	erown	vecproj_norm	neuron	0.01	42	val	0.852032	0.100613	0.212202	1.01626	0.945275	0.260461	0.852032	478410	810	0.0017	3144000	3	2	1	0
normal	boundary	classil	erown	vecproj_norm	neuron	0.1	42	val	0.092733	0.196448	0.212202	nan	nan	nan	0.092733	478410	810	0.0017	3144000	3	2	1	0
normal	boundary	classil	erown	vecproj_norm	synapse	0.0001	42	val	0.918424	0.0569881	0.212202	0.00972233	0.0146736	0.0342221	0.918424	478410	477600	0.9983	3144000	3	2	1	0
normal	boundary	classil	erown	vecproj_norm	synapse	0.001	42	val	0.910529	0.0625623	0.212202	0.0501211	0.0751024	0.176806	0.910529	478410	477600	0.9983	3144000	3	2	1	0
normal	boundary	classil	erown	vecproj_norm	synapse	0.01	42	val	0.767696	0.119898	0.212202	1.09928	0.592411	1.66319	0.767696	478410	477600	0.9983	3144000	3	2	1	0
normal	boundary	classil	erown	vecproj_norm	synapse	0.1	42	val	0.092733	0.189876	0.212202	nan	nan	nan	0.092733	478410	477600	0.9983	3144000	3	2	1	0
normal	boundary	classil	erown	const5	global	0.0001	42	test	0.900644	0.0873963	0.2115	0.131293	0.131293	0.131293	0.900644	478410	5	0	3144000	3	2	1	0
normal	boundary	classil	erown	const5	global	0	42	test	0.902374	0.0837481	0.2115	0	0	0	0.902374	478410	5	0	3144000	3	2	1	0
normal	boundary	classil	erown	const5	global	0.0001	43	test	0.896736	0.0904413	0.2115	0.138422	0.138422	0.138422	0.896736	478410	5	0	3144000	3	2	1	0
normal	boundary	classil	erown	const5	global	0	43	test	0.89823	0.0873339	0.2115	0	0	0	0.89823	478410	5	0	3144000	3	2	1	0
normal	boundary	classil	erown	const5	global	0.0001	44	test	0.90118	0.0867306	0.2115	0.13507	0.13507	0.13507	0.90118	478410	5	0	3144000	3	2	1	0
normal	boundary	classil	erown	const5	global	0	44	test	0.902062	0.0836239	0.2115	0	0	0	0.902062	478410	5	0	3144000	3	2	1	0
normal	boundary	classil	erown	const5	neuron	0.001	42	test	0.916604	0.0685642	0.2115	0.126369	0.142603	0.255234	0.916604	478410	4050	0.0085	3144000	3	2	1	0
normal	boundary	classil	erown	const5	neuron	0	42	test	0.902374	0.0837481	0.2115	0	0	0	0.902374	478410	4050	0.0085	3144000	3	2	1	0
normal	boundary	classil	erown	const5	neuron	0.001	43	test	0.909579	0.0738146	0.2115	0.17499	0.186118	0.218147	0.909579	478410	4050	0.0085	3144000	3	2	1	0
normal	boundary	classil	erown	const5	neuron	0	43	test	0.89823	0.0873339	0.2115	0	0	0	0.89823	478410	4050	0.0085	3144000	3	2	1	0
normal	boundary	classil	erown	const5	neuron	0.001	44	test	0.914819	0.0676838	0.2115	0.155651	0.157547	0.197896	0.914819	478410	4050	0.0085	3144000	3	2	1	0
normal	boundary	classil	erown	const5	neuron	0	44	test	0.902062	0.0836239	0.2115	0	0	0	0.902062	478410	4050	0.0085	3144000	3	2	1	0
normal	boundary	classil	erown	const5	synapse	0.0001	42	test	0.92358	0.0556279	0.2115	0.0102592	0.0143088	0.033036	0.92358	478410	2388000	4.9915	3144000	3	2	1	0
normal	boundary	classil	erown	const5	synapse	0	42	test	0.902374	0.0837481	0.2115	0	0	0	0.902374	478410	2388000	4.9915	3144000	3	2	1	0
normal	boundary	classil	erown	const5	synapse	0.0001	43	test	0.921881	0.0561004	0.2115	0.0112096	0.015177	0.0334765	0.921881	478410	2388000	4.9915	3144000	3	2	1	0
normal	boundary	classil	erown	const5	synapse	0	43	test	0.89823	0.0873339	0.2115	0	0	0	0.89823	478410	2388000	4.9915	3144000	3	2	1	0
normal	boundary	classil	erown	const5	synapse	0.0001	44	test	0.918444	0.0574034	0.2115	0.010476	0.0138856	0.0292673	0.918444	478410	2388000	4.9915	3144000	3	2	1	0
normal	boundary	classil	erown	const5	synapse	0	44	test	0.902062	0.0836239	0.2115	0	0	0	0.902062	478410	2388000	4.9915	3144000	3	2	1	0
normal	boundary	classil	erown	vecproj_norm	global	0.0001	42	test	0.901384	0.0865553	0.2397	0.127886	0.127886	0.127886	0.901384	478410	1	0	3144000	3	2	1	0
normal	boundary	classil	erown	vecproj_norm	global	0	42	test	0.902374	0.0837481	0.2397	0	0	0	0.902374	478410	1	0	3144000	3	2	1	0
normal	boundary	classil	erown	vecproj_norm	global	0.0001	43	test	0.89705	0.0899197	0.2411	0.134609	0.134609	0.134609	0.89705	478410	1	0	3144000	3	2	1	0
normal	boundary	classil	erown	vecproj_norm	global	0	43	test	0.89823	0.0873339	0.2411	0	0	0	0.89823	478410	1	0	3144000	3	2	1	0
normal	boundary	classil	erown	vecproj_norm	global	0.0001	44	test	0.900874	0.0869353	0.2359	0.131213	0.131213	0.131213	0.900874	478410	1	0	3144000	3	2	1	0
normal	boundary	classil	erown	vecproj_norm	global	0	44	test	0.902062	0.0836239	0.2359	0	0	0	0.902062	478410	1	0	3144000	3	2	1	0
normal	boundary	classil	erown	vecproj_norm	neuron	0.001	42	test	0.916627	0.068342	0.2397	0.125018	0.141231	0.25196	0.916627	478410	810	0.0017	3144000	3	2	1	0
normal	boundary	classil	erown	vecproj_norm	neuron	0	42	test	0.902374	0.0837481	0.2397	0	0	0	0.902374	478410	810	0.0017	3144000	3	2	1	0
normal	boundary	classil	erown	vecproj_norm	neuron	0.001	43	test	0.911346	0.0720469	0.2411	0.172102	0.184395	0.218864	0.911346	478410	810	0.0017	3144000	3	2	1	0
normal	boundary	classil	erown	vecproj_norm	neuron	0	43	test	0.89823	0.0873339	0.2411	0	0	0	0.89823	478410	810	0.0017	3144000	3	2	1	0
normal	boundary	classil	erown	vecproj_norm	neuron	0.001	44	test	0.915835	0.0667679	0.2359	0.152816	0.155255	0.19527	0.915835	478410	810	0.0017	3144000	3	2	1	0
normal	boundary	classil	erown	vecproj_norm	neuron	0	44	test	0.902062	0.0836239	0.2359	0	0	0	0.902062	478410	810	0.0017	3144000	3	2	1	0
normal	boundary	classil	erown	vecproj_norm	synapse	0.0001	42	test	0.924117	0.0556009	0.2397	0.0102356	0.0145378	0.0359893	0.924117	478410	477600	0.9983	3144000	3	2	1	0
normal	boundary	classil	erown	vecproj_norm	synapse	0	42	test	0.902374	0.0837481	0.2397	0	0	0	0.902374	478410	477600	0.9983	3144000	3	2	1	0
normal	boundary	classil	erown	vecproj_norm	synapse	0.0001	43	test	0.922057	0.0560288	0.2411	0.0112227	0.0153683	0.0363955	0.922057	478410	477600	0.9983	3144000	3	2	1	0
normal	boundary	classil	erown	vecproj_norm	synapse	0	43	test	0.89823	0.0873339	0.2411	0	0	0	0.89823	478410	477600	0.9983	3144000	3	2	1	0
normal	boundary	classil	erown	vecproj_norm	synapse	0.0001	44	test	0.919135	0.0567096	0.2359	0.0104576	0.0140653	0.0316027	0.919135	478410	477600	0.9983	3144000	3	2	1	0
normal	boundary	classil	erown	vecproj_norm	synapse	0	44	test	0.902062	0.0836239	0.2359	0	0	0	0.902062	478410	477600	0.9983	3144000	3	2	1	0
normal	boundary_last	classil	erown	taskid	neuron	0.01	42	test	0.920527	0.0639026	0.2115	0.153197	0.152507	0.149968	0.920527	478410	4050	0.0085	3144000	3	2	1	0
normal	boundary_last	classil	erown	taskid	neuron	0	42	test	0.902374	0.0837481	0.2115	0	0	0	0.902374	478410	4050	0.0085	3144000	3	2	1	0
normal	boundary_last	classil	erown	taskid	neuron	0.01	43	test	0.93026	0.0501031	0.2115	0.167399	0.161503	0.172907	0.93026	478410	4050	0.0085	3144000	3	2	1	0
normal	boundary_last	classil	erown	taskid	neuron	0	43	test	0.89823	0.0873339	0.2115	0	0	0	0.89823	478410	4050	0.0085	3144000	3	2	1	0
normal	boundary_last	classil	erown	taskid	neuron	0.01	44	test	0.921381	0.0588734	0.2115	0.164027	0.171903	0.184352	0.921381	478410	4050	0.0085	3144000	3	2	1	0
normal	boundary_last	classil	erown	taskid	neuron	0	44	test	0.902062	0.0836239	0.2115	0	0	0	0.902062	478410	4050	0.0085	3144000	3	2	1	0
normal	boundary_last	classil	erown	taskid	synapse	0.001	42	test	0.92561	0.0505978	0.2115	0.013244	0.0159256	0.0162144	0.92561	478410	2388000	4.9915	3144000	3	2	1	0
normal	boundary_last	classil	erown	taskid	synapse	0	42	test	0.902374	0.0837481	0.2115	0	0	0	0.902374	478410	2388000	4.9915	3144000	3	2	1	0
normal	boundary_last	classil	erown	taskid	synapse	0.001	43	test	0.92687	0.0483341	0.2115	0.0139337	0.016341	0.0183425	0.92687	478410	2388000	4.9915	3144000	3	2	1	0
normal	boundary_last	classil	erown	taskid	synapse	0	43	test	0.89823	0.0873339	0.2115	0	0	0	0.89823	478410	2388000	4.9915	3144000	3	2	1	0
normal	boundary_last	classil	erown	taskid	synapse	0.001	44	test	0.924878	0.048408	0.2115	0.0135672	0.0154413	0.0171501	0.924878	478410	2388000	4.9915	3144000	3	2	1	0
normal	boundary_last	classil	erown	taskid	synapse	0	44	test	0.902062	0.0836239	0.2115	0	0	0	0.902062	478410	2388000	4.9915	3144000	3	2	1	0
normal	boundary_last	classil	erown	ach	neuron	0.01	42	test	0.915308	0.0691533	0.2182	0.0567646	0.0566622	0.10454	0.915308	478410	25963	0.0543	3144000	3	2	1	0
normal	boundary_last	classil	erown	ach	neuron	0	42	test	0.899623	0.087697	0.2115	0	0	0	0.899623	478410	25963	0.0543	3144000	3	2	1	0
normal	boundary_last	classil	erown	ach	neuron	0.01	43	test	0.918114	0.0633847	0.2168	0.0520739	0.0520319	0.0951573	0.918114	478410	25963	0.0543	3144000	3	2	1	0
normal	boundary_last	classil	erown	ach	neuron	0	43	test	0.887547	0.0988365	0.2115	0	0	0	0.887547	478410	25963	0.0543	3144000	3	2	1	0
normal	boundary_last	classil	erown	ach	neuron	0.01	44	test	0.920901	0.0625203	0.2695	0.0616535	0.0587003	0.0981979	0.920901	478410	25963	0.0543	3144000	3	2	1	0
normal	boundary_last	classil	erown	ach	neuron	0	44	test	0.894176	0.0926822	0.2115	0	0	0	0.894176	478410	25963	0.0543	3144000	3	2	1	0
normal	boundary_last	classil	erown	ach	synapse	0.1	42	test	0.905293	0.0672925	0.2115	0.0902485	0.101884	0.135466	0.905293	478410	502753	1.0509	3144000	3	2	1	0
normal	boundary_last	classil	erown	ach	synapse	0	42	test	0.899623	0.087697	0.2115	0	0	0	0.899623	478410	502753	1.0509	3144000	3	2	1	0
normal	boundary_last	classil	erown	ach	synapse	0.1	43	test	0.911137	0.0633418	0.2115	0.0613105	0.0729365	0.124911	0.911137	478410	502753	1.0509	3144000	3	2	1	0
normal	boundary_last	classil	erown	ach	synapse	0	43	test	0.887547	0.0988365	0.2115	0	0	0	0.887547	478410	502753	1.0509	3144000	3	2	1	0
normal	boundary_last	classil	erown	ach	synapse	0.1	44	test	0.896683	0.0706118	0.2115	0.0857301	0.0998724	0.163305	0.896683	478410	502753	1.0509	3144000	3	2	1	0
normal	boundary_last	classil	erown	ach	synapse	0	44	test	0.894176	0.0926822	0.2115	0	0	0	0.894176	478410	502753	1.0509	3144000	3	2	1	0
normal	boundary_last	classil	erown	nerisez	neuron	0.01	42	test	0.915077	0.0693374	0.2196	0.0585617	0.0625768	0.0815368	0.915077	478410	25963	0.0543	3144000	3	2	1	0
normal	boundary_last	classil	erown	nerisez	neuron	0	42	test	0.899623	0.087697	0.2115	0	0	0	0.899623	478410	25963	0.0543	3144000	3	2	1	0
normal	boundary_last	classil	erown	nerisez	neuron	0.01	43	test	0.921108	0.0593713	0.2561	0.086818	0.0851678	0.148062	0.921108	478410	25963	0.0543	3144000	3	2	1	0
normal	boundary_last	classil	erown	nerisez	neuron	0	43	test	0.887547	0.0988365	0.2115	0	0	0	0.887547	478410	25963	0.0543	3144000	3	2	1	0
normal	boundary_last	classil	erown	nerisez	neuron	0.01	44	test	0.919359	0.0634973	0.2398	0.0807984	0.0798504	0.159044	0.919359	478410	25963	0.0543	3144000	3	2	1	0
normal	boundary_last	classil	erown	nerisez	neuron	0	44	test	0.894176	0.0926822	0.2115	0	0	0	0.894176	478410	25963	0.0543	3144000	3	2	1	0
normal	boundary_last	classil	erown	nerisez	synapse	0.01	42	test	0.911816	0.0676754	0.2255	0.0185867	0.025329	0.0459603	0.911816	478410	502753	1.0509	3144000	3	2	1	0
normal	boundary_last	classil	erown	nerisez	synapse	0	42	test	0.899623	0.087697	0.2115	0	0	0	0.899623	478410	502753	1.0509	3144000	3	2	1	0
normal	boundary_last	classil	erown	nerisez	synapse	0.01	43	test	0.91295	0.0652568	0.2413	0.0262959	0.0364316	0.0821776	0.91295	478410	502753	1.0509	3144000	3	2	1	0
normal	boundary_last	classil	erown	nerisez	synapse	0	43	test	0.887547	0.0988365	0.2115	0	0	0	0.887547	478410	502753	1.0509	3144000	3	2	1	0
normal	boundary_last	classil	erown	nerisez	synapse	0.01	44	test	0.915679	0.057235	0.2378	0.027065	0.0369738	0.0751771	0.915679	478410	502753	1.0509	3144000	3	2	1	0
normal	boundary_last	classil	erown	nerisez	synapse	0	44	test	0.894176	0.0926822	0.2115	0	0	0	0.894176	478410	502753	1.0509	3144000	3	2	1	0
normal	boundary_last	classil	erown	vecproj	neuron	0.1	42	test	0.808859	0.101212	0.6847	173213	1.22575e+08	4239.66	0.808859	478410	25920	0.0542	3144000	3	2	1	0
normal	boundary_last	classil	erown	vecproj	neuron	0	42	test	0.902374	0.0837481	0.6847	0	0	0	0.902374	478410	25920	0.0542	3144000	3	2	1	0
normal	boundary_last	classil	erown	vecproj	neuron	0.1	43	test	0.852054	0.0663177	0.6847	80.4597	78.9557	528.722	0.852054	478410	25920	0.0542	3144000	3	2	1	0
normal	boundary_last	classil	erown	vecproj	neuron	0	43	test	0.89823	0.0873339	0.6847	0	0	0	0.89823	478410	25920	0.0542	3144000	3	2	1	0
normal	boundary_last	classil	erown	vecproj	neuron	0.1	44	test	0.247157	0.531661	0.6847	9.9897e+11	6.4245e+06	365.148	0.247157	478410	25920	0.0542	3144000	3	2	1	0
normal	boundary_last	classil	erown	vecproj	neuron	0	44	test	0.902062	0.0836239	0.6847	0	0	0	0.902062	478410	25920	0.0542	3144000	3	2	1	0
normal	boundary_last	classil	erown	vecproj	synapse	0.01	42	test	0.916869	0.0436693	0.6847	0.265346	0.254506	0.485066	0.916869	478410	15283200	31.9458	3144000	3	2	1	0
normal	boundary_last	classil	erown	vecproj	synapse	0	42	test	0.902374	0.0837481	0.6847	0	0	0	0.902374	478410	15283200	31.9458	3144000	3	2	1	0
normal	boundary_last	classil	erown	vecproj	synapse	0.01	43	test	0.912131	0.0497958	0.6847	0.218438	0.211959	0.362308	0.912131	478410	15283200	31.9458	3144000	3	2	1	0
normal	boundary_last	classil	erown	vecproj	synapse	0	43	test	0.89823	0.0873339	0.6847	0	0	0	0.89823	478410	15283200	31.9458	3144000	3	2	1	0
normal	boundary_last	classil	erown	vecproj	synapse	0.01	44	test	0.92645	0.0326252	0.6847	0.313496	0.304841	0.37682	0.92645	478410	15283200	31.9458	3144000	3	2	1	0
normal	boundary_last	classil	erown	vecproj	synapse	0	44	test	0.902062	0.0836239	0.6847	0	0	0	0.902062	478410	15283200	31.9458	3144000	3	2	1	0
normal	boundary_last	classil	erown	const	neuron	0.001	42	test	0.922417	0.0613568	0.2115	0.0489197	0.0511528	0.080717	0.922417	478410	810	0.0017	3144000	3	2	1	0
normal	boundary_last	classil	erown	const	neuron	0	42	test	0.902374	0.0837481	0.2115	0	0	0	0.902374	478410	810	0.0017	3144000	3	2	1	0
normal	boundary_last	classil	erown	const	neuron	0.001	43	test	0.920543	0.0602763	0.2115	0.0601835	0.0626861	0.0903748	0.920543	478410	810	0.0017	3144000	3	2	1	0
normal	boundary_last	classil	erown	const	neuron	0	43	test	0.89823	0.0873339	0.2115	0	0	0	0.89823	478410	810	0.0017	3144000	3	2	1	0
normal	boundary_last	classil	erown	const	neuron	0.001	44	test	0.919442	0.060643	0.2115	0.0516051	0.0555029	0.0606473	0.919442	478410	810	0.0017	3144000	3	2	1	0
normal	boundary_last	classil	erown	const	neuron	0	44	test	0.902062	0.0836239	0.2115	0	0	0	0.902062	478410	810	0.0017	3144000	3	2	1	0
normal	boundary_last	classil	erown	const	synapse	0.001	42	test	0.92211	0.0557283	0.2115	0.0174884	0.0250016	0.0578309	0.92211	478410	477600	0.9983	3144000	3	2	1	0
normal	boundary_last	classil	erown	const	synapse	0	42	test	0.902374	0.0837481	0.2115	0	0	0	0.902374	478410	477600	0.9983	3144000	3	2	1	0
normal	boundary_last	classil	erown	const	synapse	0.001	43	test	0.920642	0.0559849	0.2115	0.0183304	0.0256414	0.0569991	0.920642	478410	477600	0.9983	3144000	3	2	1	0
normal	boundary_last	classil	erown	const	synapse	0	43	test	0.89823	0.0873339	0.2115	0	0	0	0.89823	478410	477600	0.9983	3144000	3	2	1	0
normal	boundary_last	classil	erown	const	synapse	0.001	44	test	0.917651	0.0577876	0.2115	0.0178908	0.0244071	0.0489189	0.917651	478410	477600	0.9983	3144000	3	2	1	0
normal	boundary_last	classil	erown	const	synapse	0	44	test	0.902062	0.0836239	0.2115	0	0	0	0.902062	478410	477600	0.9983	3144000	3	2	1	0
normal	fixed	classil	erown	fixed	global	0.9	42	val	0.896508	0.0863584	nan	0.1	0.1	0.1	0.896508	478410	0	0	3144000	1	1	1	0
normal	fixed	classil	erown	fixed	global	0.95	42	val	0.896798	0.0872228	nan	0.05	0.05	0.05	0.896798	478410	0	0	3144000	1	1	1	0
normal	fixed	classil	erown	fixed	global	0.98	42	val	0.898336	0.0860195	nan	0.02	0.02	0.02	0.898336	478410	0	0	3144000	1	1	1	0
normal	fixed	classil	erown	fixed	global	0.99	42	val	0.898342	0.086189	nan	0.01	0.01	0.01	0.898342	478410	0	0	3144000	1	1	1	0
normal	fixed	classil	erown	fixed	global	1	42	val	0.898115	0.0864153	nan	0	0	0	0.898115	478410	0	0	3144000	1	1	1	0
normal	fixed	classil	erown	fixed	global	0.9	42	test	0.902189	0.0809737	nan	0.1	0.1	0.1	0.902189	478410	0	0	3144000	1	1	1	0
normal	fixed	classil	erown	fixed	global	0.9	43	test	0.897481	0.0865583	nan	0.1	0.1	0.1	0.897481	478410	0	0	3144000	1	1	1	0
normal	fixed	classil	erown	fixed	global	0.9	44	test	0.899884	0.0837304	nan	0.1	0.1	0.1	0.899884	478410	0	0	3144000	1	1	1	0
budget	boundary	classil	erown	const5	global	0.0001	42	test	0.771454	0.218626	0.2115	0.111569	0.111569	0.111569	0.771454	478410	5	0	628800	3	2	1	0
budget	boundary	classil	erown	const5	global	0	42	test	0.775812	0.212946	0.2115	0	0	0	0.775812	478410	5	0	628800	3	2	1	0
budget	boundary	classil	erown	const5	global	0.0001	43	test	0.767752	0.221199	0.2115	0.111334	0.111334	0.111334	0.767752	478410	5	0	628800	3	2	1	0
budget	boundary	classil	erown	const5	global	0	43	test	0.771833	0.216213	0.2115	0	0	0	0.771833	478410	5	0	628800	3	2	1	0
budget	boundary	classil	erown	const5	global	0.0001	44	test	0.793384	0.195961	0.2115	0.123122	0.123122	0.123122	0.793384	478410	5	0	628800	3	2	1	0
budget	boundary	classil	erown	const5	global	0	44	test	0.794895	0.193756	0.2115	0	0	0	0.794895	478410	5	0	628800	3	2	1	0
rfree	boundary	classil	erown	const5	global	0.0001	42	test	0.196672	0.796127	0.2115	0	0	0	0.196672	478410	5	0	0	3	2	1	0
rfree	boundary	classil	erown	const5	global	0	42	test	0.196672	0.796127	0.2115	0	0	0	0.196672	478410	5	0	0	3	2	1	0
rfree	boundary	classil	erown	const5	global	0.0001	43	test	0.197882	0.797218	0.2115	0	0	0	0.197882	478410	5	0	0	3	2	1	0
rfree	boundary	classil	erown	const5	global	0	43	test	0.197882	0.797218	0.2115	0	0	0	0.197882	478410	5	0	0	3	2	1	0
rfree	boundary	classil	erown	const5	global	0.0001	44	test	0.198285	0.796709	0.2115	0	0	0	0.198285	478410	5	0	0	3	2	1	0
rfree	boundary	classil	erown	const5	global	0	44	test	0.198285	0.796709	0.2115	0	0	0	0.198285	478410	5	0	0	3	2	1	0
budget	boundary	classil	erown	const5	neuron	0.001	42	test	0.79632	0.190787	0.2115	0.213092	0.237617	0.217102	0.79632	478410	4050	0.0085	628800	3	2	1	0
budget	boundary	classil	erown	const5	neuron	0	42	test	0.775812	0.212946	0.2115	0	0	0	0.775812	478410	4050	0.0085	628800	3	2	1	0
budget	boundary	classil	erown	const5	neuron	0.001	43	test	0.847452	0.135274	0.2115	0.141487	0.148408	0.218175	0.847452	478410	4050	0.0085	628800	3	2	1	0
budget	boundary	classil	erown	const5	neuron	0	43	test	0.771833	0.216213	0.2115	0	0	0	0.771833	478410	4050	0.0085	628800	3	2	1	0
budget	boundary	classil	erown	const5	neuron	0.001	44	test	0.838303	0.147476	0.2115	0.226652	0.2196	0.180099	0.838303	478410	4050	0.0085	628800	3	2	1	0
budget	boundary	classil	erown	const5	neuron	0	44	test	0.794895	0.193756	0.2115	0	0	0	0.794895	478410	4050	0.0085	628800	3	2	1	0
rfree	boundary	classil	erown	const5	neuron	0.001	42	test	0.196672	0.796127	0.2115	0	0	0	0.196672	478410	4050	0.0085	0	3	2	1	0
rfree	boundary	classil	erown	const5	neuron	0	42	test	0.196672	0.796127	0.2115	0	0	0	0.196672	478410	4050	0.0085	0	3	2	1	0
rfree	boundary	classil	erown	const5	neuron	0.001	43	test	0.197882	0.797218	0.2115	0	0	0	0.197882	478410	4050	0.0085	0	3	2	1	0
rfree	boundary	classil	erown	const5	neuron	0	43	test	0.197882	0.797218	0.2115	0	0	0	0.197882	478410	4050	0.0085	0	3	2	1	0
rfree	boundary	classil	erown	const5	neuron	0.001	44	test	0.198285	0.796709	0.2115	0	0	0	0.198285	478410	4050	0.0085	0	3	2	1	0
rfree	boundary	classil	erown	const5	neuron	0	44	test	0.198285	0.796709	0.2115	0	0	0	0.198285	478410	4050	0.0085	0	3	2	1	0
budget	boundary	classil	erown	const5	synapse	0.0001	42	test	0.842892	0.138303	0.2115	0.0160359	0.0202249	0.0289521	0.842892	478410	2388000	4.9915	628800	3	2	1	0
budget	boundary	classil	erown	const5	synapse	0	42	test	0.775812	0.212946	0.2115	0	0	0	0.775812	478410	2388000	4.9915	628800	3	2	1	0
budget	boundary	classil	erown	const5	synapse	0.0001	43	test	0.840627	0.139353	0.2115	0.0145558	0.01881	0.0319473	0.840627	478410	2388000	4.9915	628800	3	2	1	0
budget	boundary	classil	erown	const5	synapse	0	43	test	0.771833	0.216213	0.2115	0	0	0	0.771833	478410	2388000	4.9915	628800	3	2	1	0
budget	boundary	classil	erown	const5	synapse	0.0001	44	test	0.854402	0.126387	0.2115	0.015957	0.0189998	0.0278833	0.854402	478410	2388000	4.9915	628800	3	2	1	0
budget	boundary	classil	erown	const5	synapse	0	44	test	0.794895	0.193756	0.2115	0	0	0	0.794895	478410	2388000	4.9915	628800	3	2	1	0
rfree	boundary	classil	erown	const5	synapse	0.0001	42	test	0.196672	0.796127	0.2115	0	0	0	0.196672	478410	2388000	4.9915	0	3	2	1	0
rfree	boundary	classil	erown	const5	synapse	0	42	test	0.196672	0.796127	0.2115	0	0	0	0.196672	478410	2388000	4.9915	0	3	2	1	0
rfree	boundary	classil	erown	const5	synapse	0.0001	43	test	0.197882	0.797218	0.2115	0	0	0	0.197882	478410	2388000	4.9915	0	3	2	1	0
rfree	boundary	classil	erown	const5	synapse	0	43	test	0.197882	0.797218	0.2115	0	0	0	0.197882	478410	2388000	4.9915	0	3	2	1	0
rfree	boundary	classil	erown	const5	synapse	0.0001	44	test	0.198285	0.796709	0.2115	0	0	0	0.198285	478410	2388000	4.9915	0	3	2	1	0
rfree	boundary	classil	erown	const5	synapse	0	44	test	0.198285	0.796709	0.2115	0	0	0	0.198285	478410	2388000	4.9915	0	3	2	1	0
budget	boundary	classil	erown	vecproj_norm	global	0.0001	42	test	0.771368	0.218712	0.2452	0.108919	0.108919	0.108919	0.771368	478410	1	0	628800	3	2	1	0
budget	boundary	classil	erown	vecproj_norm	global	0	42	test	0.775812	0.212946	0.2452	0	0	0	0.775812	478410	1	0	628800	3	2	1	0
budget	boundary	classil	erown	vecproj_norm	global	0.0001	43	test	0.767968	0.220882	0.2375	0.108896	0.108896	0.108896	0.767968	478410	1	0	628800	3	2	1	0
budget	boundary	classil	erown	vecproj_norm	global	0	43	test	0.771833	0.216213	0.2375	0	0	0	0.771833	478410	1	0	628800	3	2	1	0
budget	boundary	classil	erown	vecproj_norm	global	0.0001	44	test	0.793452	0.195896	0.2403	0.120204	0.120204	0.120204	0.793452	478410	1	0	628800	3	2	1	0
budget	boundary	classil	erown	vecproj_norm	global	0	44	test	0.794895	0.193756	0.2403	0	0	0	0.794895	478410	1	0	628800	3	2	1	0
rfree	boundary	classil	erown	vecproj_norm	global	0.0001	42	test	0.196672	0.796127	0.2633	0	0	0	0.196672	478410	1	0	0	3	2	1	0
rfree	boundary	classil	erown	vecproj_norm	global	0	42	test	0.196672	0.796127	0.2633	0	0	0	0.196672	478410	1	0	0	3	2	1	0
rfree	boundary	classil	erown	vecproj_norm	global	0.0001	43	test	0.197882	0.797218	0.2628	0	0	0	0.197882	478410	1	0	0	3	2	1	0
rfree	boundary	classil	erown	vecproj_norm	global	0	43	test	0.197882	0.797218	0.2628	0	0	0	0.197882	478410	1	0	0	3	2	1	0
rfree	boundary	classil	erown	vecproj_norm	global	0.0001	44	test	0.198285	0.796709	0.2628	0	0	0	0.198285	478410	1	0	0	3	2	1	0
rfree	boundary	classil	erown	vecproj_norm	global	0	44	test	0.198285	0.796709	0.2628	0	0	0	0.198285	478410	1	0	0	3	2	1	0
budget	boundary	classil	erown	vecproj_norm	neuron	0.001	42	test	0.797076	0.189929	0.2452	0.211785	0.2385	0.213536	0.797076	478410	810	0.0017	628800	3	2	1	0
budget	boundary	classil	erown	vecproj_norm	neuron	0	42	test	0.775812	0.212946	0.2452	0	0	0	0.775812	478410	810	0.0017	628800	3	2	1	0
budget	boundary	classil	erown	vecproj_norm	neuron	0.001	43	test	0.844973	0.138458	0.2375	0.141183	0.152221	0.213238	0.844973	478410	810	0.0017	628800	3	2	1	0
budget	boundary	classil	erown	vecproj_norm	neuron	0	43	test	0.771833	0.216213	0.2375	0	0	0	0.771833	478410	810	0.0017	628800	3	2	1	0
budget	boundary	classil	erown	vecproj_norm	neuron	0.001	44	test	0.839953	0.146229	0.2403	0.227625	0.224713	0.18088	0.839953	478410	810	0.0017	628800	3	2	1	0
budget	boundary	classil	erown	vecproj_norm	neuron	0	44	test	0.794895	0.193756	0.2403	0	0	0	0.794895	478410	810	0.0017	628800	3	2	1	0
rfree	boundary	classil	erown	vecproj_norm	neuron	0.001	42	test	0.196672	0.796127	0.2633	0	0	0	0.196672	478410	810	0.0017	0	3	2	1	0
rfree	boundary	classil	erown	vecproj_norm	neuron	0	42	test	0.196672	0.796127	0.2633	0	0	0	0.196672	478410	810	0.0017	0	3	2	1	0
rfree	boundary	classil	erown	vecproj_norm	neuron	0.001	43	test	0.197882	0.797218	0.2628	0	0	0	0.197882	478410	810	0.0017	0	3	2	1	0
rfree	boundary	classil	erown	vecproj_norm	neuron	0	43	test	0.197882	0.797218	0.2628	0	0	0	0.197882	478410	810	0.0017	0	3	2	1	0
rfree	boundary	classil	erown	vecproj_norm	neuron	0.001	44	test	0.198285	0.796709	0.2628	0	0	0	0.198285	478410	810	0.0017	0	3	2	1	0
rfree	boundary	classil	erown	vecproj_norm	neuron	0	44	test	0.198285	0.796709	0.2628	0	0	0	0.198285	478410	810	0.0017	0	3	2	1	0
budget	boundary	classil	erown	vecproj_norm	synapse	0.0001	42	test	0.842189	0.138602	0.2452	0.016375	0.0208318	0.0311219	0.842189	478410	477600	0.9983	628800	3	2	1	0
budget	boundary	classil	erown	vecproj_norm	synapse	0	42	test	0.775812	0.212946	0.2452	0	0	0	0.775812	478410	477600	0.9983	628800	3	2	1	0
budget	boundary	classil	erown	vecproj_norm	synapse	0.0001	43	test	0.839558	0.140522	0.2375	0.0145818	0.0191998	0.0348753	0.839558	478410	477600	0.9983	628800	3	2	1	0
budget	boundary	classil	erown	vecproj_norm	synapse	0	43	test	0.771833	0.216213	0.2375	0	0	0	0.771833	478410	477600	0.9983	628800	3	2	1	0
budget	boundary	classil	erown	vecproj_norm	synapse	0.0001	44	test	0.853005	0.128183	0.2403	0.0165676	0.0200051	0.0308602	0.853005	478410	477600	0.9983	628800	3	2	1	0
budget	boundary	classil	erown	vecproj_norm	synapse	0	44	test	0.794895	0.193756	0.2403	0	0	0	0.794895	478410	477600	0.9983	628800	3	2	1	0
rfree	boundary	classil	erown	vecproj_norm	synapse	0.0001	42	test	0.196672	0.796127	0.2633	0	0	0	0.196672	478410	477600	0.9983	0	3	2	1	0
rfree	boundary	classil	erown	vecproj_norm	synapse	0	42	test	0.196672	0.796127	0.2633	0	0	0	0.196672	478410	477600	0.9983	0	3	2	1	0
rfree	boundary	classil	erown	vecproj_norm	synapse	0.0001	43	test	0.197882	0.797218	0.2628	0	0	0	0.197882	478410	477600	0.9983	0	3	2	1	0
rfree	boundary	classil	erown	vecproj_norm	synapse	0	43	test	0.197882	0.797218	0.2628	0	0	0	0.197882	478410	477600	0.9983	0	3	2	1	0
rfree	boundary	classil	erown	vecproj_norm	synapse	0.0001	44	test	0.198285	0.796709	0.2628	0	0	0	0.198285	478410	477600	0.9983	0	3	2	1	0
rfree	boundary	classil	erown	vecproj_norm	synapse	0	44	test	0.198285	0.796709	0.2628	0	0	0	0.198285	478410	477600	0.9983	0	3	2	1	0
normal	fixed	classil	erown	fixed	global	1	42	test	0.903365	0.0809186	nan	0	0	0	0.903365	478410	0	0	3144000	1	1	1	0
normal	fixed	classil	erown	fixed	global	1	43	test	0.899402	0.0860461	nan	0	0	0	0.899402	478410	0	0	3144000	1	1	1	0
normal	fixed	classil	erown	fixed	global	1	44	test	0.903213	0.0822314	nan	0	0	0	0.903213	478410	0	0	3144000	1	1	1	0
normal	boundary	classil	erown	ach_act	neuron	0.0001	42	val	0.904061	0.0768093	0.288548	0.00168084	0.00176474	0.00193182	0.904061	478410	810	0.0017	3144000	3	2	1	0
normal	boundary	classil	erown	ach_act	neuron	0.001	42	val	0.906358	0.0743381	0.284547	0.0133232	0.0140851	0.0167148	0.906358	478410	810	0.0017	3144000	3	2	1	0
normal	boundary	classil	erown	ach_act	neuron	0.01	42	val	0.915839	0.064037	0.25921	0.0502748	0.0561695	0.0696447	0.915839	478410	810	0.0017	3144000	3	2	1	0
normal	boundary	classil	erown	ach_act	neuron	0.1	42	val	0.906162	0.0745216	0.23904	0.150583	0.169889	0.222858	0.906162	478410	810	0.0017	3144000	3	2	1	0
normal	boundary	classil	erown	ach_act	neuron	0.01	42	test	0.923658	0.0595105	0.2425	0.0437538	0.0450389	0.0927211	0.923658	478410	810	0.0017	3144000	3	2	1	0
normal	boundary	classil	erown	ach_act	neuron	0	42	test	0.902374	0.0837481	0.2501	0	0	0	0.902374	478410	810	0.0017	3144000	3	2	1	0
normal	boundary	classil	erown	ach_act	neuron	0.01	43	test	0.920923	0.0599853	0.2283	0.0504406	0.0515782	0.0945979	0.920923	478410	810	0.0017	3144000	3	2	1	0
normal	boundary	classil	erown	ach_act	neuron	0	43	test	0.89823	0.0873339	0.2407	0	0	0	0.89823	478410	810	0.0017	3144000	3	2	1	0
normal	boundary	classil	erown	ach_act	neuron	0.01	44	test	0.919843	0.0591255	0.2487	0.0474242	0.0492389	0.0674976	0.919843	478410	810	0.0017	3144000	3	2	1	0
normal	boundary	classil	erown	ach_act	neuron	0	44	test	0.902062	0.0836239	0.2398	0	0	0	0.902062	478410	810	0.0017	3144000	3	2	1	0
budget	boundary	classil	erown	ach_act	neuron	0.01	42	test	0.837778	0.147686	0.2631	0.113428	0.114787	0.105966	0.837778	478410	810	0.0017	628800	3	2	1	0
budget	boundary	classil	erown	ach_act	neuron	0	42	test	0.775812	0.212946	0.2906	0	0	0	0.775812	478410	810	0.0017	628800	3	2	1	0
budget	boundary	classil	erown	ach_act	neuron	0.01	43	test	0.831539	0.153551	0.2352	0.10776	0.100584	0.130437	0.831539	478410	810	0.0017	628800	3	2	1	0
budget	boundary	classil	erown	ach_act	neuron	0	43	test	0.771833	0.216213	0.2973	0	0	0	0.771833	478410	810	0.0017	628800	3	2	1	0
budget	boundary	classil	erown	ach_act	neuron	0.01	44	test	0.855667	0.129598	0.2647	0.10885	0.102355	0.121409	0.855667	478410	810	0.0017	628800	3	2	1	0
budget	boundary	classil	erown	ach_act	neuron	0	44	test	0.794895	0.193756	0.2829	0	0	0	0.794895	478410	810	0.0017	628800	3	2	1	0
rfree	boundary	classil	erown	ach_act	neuron	0.01	42	test	0.196672	0.796127	0.298	0	0	0	0.196672	478410	810	0.0017	0	3	2	1	0
rfree	boundary	classil	erown	ach_act	neuron	0	42	test	0.196672	0.796127	0.298	0	0	0	0.196672	478410	810	0.0017	0	3	2	1	0
rfree	boundary	classil	erown	ach_act	neuron	0.01	43	test	0.197882	0.797218	0.3051	0	0	0	0.197882	478410	810	0.0017	0	3	2	1	0
rfree	boundary	classil	erown	ach_act	neuron	0	43	test	0.197882	0.797218	0.3051	0	0	0	0.197882	478410	810	0.0017	0	3	2	1	0
rfree	boundary	classil	erown	ach_act	neuron	0.01	44	test	0.198285	0.796709	0.3112	0	0	0	0.198285	478410	810	0.0017	0	3	2	1	0
rfree	boundary	classil	erown	ach_act	neuron	0	44	test	0.198285	0.796709	0.3112	0	0	0	0.198285	478410	810	0.0017	0	3	2	1	0
